subDistrict,name,postal_code
Welesi,Yagara,99512
Welesi,Asojelipele,99512
Welesi,Lantipo,99512
Welesi,Pawekama,99512
Welesi,Apenas,99512
Welesi,Tulima,99512
Asotipo,Sogokmo,99502
Asotipo,Asotipo,99502
Asotipo,Putagaima,99502
Asotipo,Kuantapo,99502
Asotipo,Heberima,99502
Asotipo,Iwigima,99502
Asotipo,Pobiatma,99502
Asotipo,Hitigima,99502
Asotipo,Air Garam,99502
Asotipo,Hukulimo,99502
Maima,Maima,99504
Maima,Minimo,99504
Maima,Esiak,99512
Maima,Heraewa,99504
Maima,Kepi,99504
Maima,Husewa,99504
Maima,Menagaima,99504
Popugoba,Pupugoba,99506
Popugoba,Waima,99506
Popugoba,Yomote,99506
Popugoba,Yelelo,99506
Wame,Wame,99536
Wame,Dumapaga,99536
Wame,Yanenggame,99536
Wame,Dogoname,99536
Wesaput,Ilokama,99513
Wesaput,Kama,99513
Wesaput,Yaloaput,99513
Wesaput,Mawampi,99513
Wesaput,Parema,99513
Wesaput,Agamoa,99513
Wesaput,Silumarek,99513
Wesaput,Wesaganya,99513
Oksibil,Kabiding,99415
Oksibil,Aldom,99573
Oksibil,Kutdol,99573
Oksibil,Polsam,99573
Oksibil,Akmakot,99573
Oksibil,Mabilabol,99573
Oksibil,Bunamdol,99573
Oksibil,Molbib Silibib,99573
Kiwirok,Oknanggul,99421
Kiwirok,Kukihil,99574
Kiwirok,Kiwi,99574
Kiwirok,Berusaha,99421
Kiwirok,Pelebib,99574
Kiwirok,Sopamikma,99574
Kiwirok,Asua,99421
Kiwirok,Lolim,99574
Kiwirok,Pomding,99574
Kiwirok,Diip,99421
Kiwirok,Delpem,99574
Kiwirok,Mangoldoki,99574
Okbibab,Okbifisil,99404
Okbibab,Abmisibil,99572
Okbibab,Manunggal,99572
Okbibab,Iriding,99404
Okbibab,Atolbol,99572
Okbibab,Oktanglap,99572
Okbibab,Oksemar,99572
Okbibab,Okaplo,99404
Iwur,Iwur,99432
Iwur,Kurumklin,99432
Iwur,Walapkubun,99432
Iwur,Dinmot Arim,99575
Iwur,Ewenkatop,99575
Iwur,Ulkubi,99575
Iwur,Dipol,99575
Iwur,Nenginum,99432
Iwur,Narnger,99575
Iwur,Kamyoim,99575
Batom,Batom,99442
Batom,Oksip,99576
Batom,Mongham,99576
Batom,Sabi,99576
Batom,Neep,99576
Batom,Muara,99442
Batom,Batom Dua,99576
Batom,Akyako,99576
Batom,Peteng,99442
Batom,Belomo,99576
Batom,Abukerom,99442
Borme,Borme,99452
Borme,Omban,99452
Borme,Sikibur,99577
Borme,Onya,99577
Borme,Arina,99452
Borme,Bordamban,99452
Borme,Aringgon,99452
Borme,Bukam,99577
Borme,Kwime,99577
Borme,Kolgir,99577
Borme,Cangdamban,99577
Borme,Laydamban,99577
Borme,Seban,99577
Kiwirok Timur,Okyop,99574
Kiwirok Timur,Oketur,99422
Kiwirok Timur,Ehipten,99422
Kiwirok Timur,Wantem,99422
Kiwirok Timur,Dikdon,99422
Kiwirok Timur,Okyako,99422
Kiwirok Timur,Okyaop,99574
Kiwirok Timur,Tatam,99422
Kiwirok Timur,Okhik,99574
Aboy,Aboy,99401
Aboy,Luban,99401
Aboy,Jubly,99578
Aboy,Armise,99401
Aboy,Woro,99401
Aboy,Pipal,99401
Aboy,Lulis Wii,99401
Pepera,Pepera,99573
Pepera,Okbon,99417
Pepera,Yun Muku,99573
Pepera,Denom,99573
Pepera,Bon Yakwol,99573
Pepera,Ok Telabe,99417
Pepera,Wok Bakon,99417
Bime,Bime,99451
Bime,Bob,99586
Bime,Kameme,99586
Bime,Calab,99451
Bime,Limiri,99451
Bime,Teli,99451
Bime,Lim Lim,99451
Bime,Bunggon,99451
Bime,Perem,99451
Bime,Turwe,99451
Alemsom,Eraduman,99411
Alemsom,Alemsom,99411
Alemsom,Tapasik,99411
Alemsom,Payol Masumkon,99411
Alemsom,Tapob,99411
Alemsom,Bakwalin Yub,99411
Alemsom,Imiryi,99411
Alemsom,Sumtamon,99411
Alemsom,Bondik,99411
Alemsom,Muruman,99411
Alemsom,Binalkom,99411
Alemsom,Tibal,99411
Okbape,Bape,99414
Okbape,Masim,99414
Okbape,Akmer,99414
Okbape,Kasawi,99414
Okbape,Tapasik Dua Bapenka,99414
Okbape,Ibot,99414
Kalomdol,Dabolding,99412
Kalomdol,Kalomdol,99412
Kalomdol,Tulo,99412
Kalomdol,Arinkop,99412
Kalomdol,Imik,99412
Oksop,Oksop,99416
Oksop,Mimin,99416
Oksop,Atenor,99416
Oksop,Oktumi,99416
Oksop,Alutbakon,99416
Serambakon,Yapimakot,99418
Serambakon,Seramkatop,99418
Serambakon,Parim,99418
Serambakon,Siminbuk,99418
Serambakon,Modusit,99418
Serambakon,Wanbakon,99418
Serambakon,Yakmor,99418
Serambakon,Okatem,99418
Ok Aom,Kungulding,99413
Ok Aom,Bulangkop,99413
Ok Aom,Limarum,99413
Ok Aom,Yumakot,99413
Ok Aom,Aplim,99413
Ok Aom,Okdo,99413
Kawor,Arintap,99433
Kawor,Tarngop,99433
Kawor,Kawor,99433
Kawor,Sakup,99433
Kawor,Umding,99433
Kawor,Nanum,99433
Kawor,Ater,99433
Awinbon,Awinbon,99431
Awinbon,Nanum Anaip,99431
Awinbon,Mikir,99431
Awinbon,Kawe,99431
Awinbon,Yelobib,99431
Tarup,Tarup,99434
Tarup,Marang Tiking,99434
Tarup,Imsin,99434
Tarup,Bitipding,99434
Tarup,Onkor,99434
Tarup,Beten Dua,99434
Tarup,Omor,99434
Okhika,Okelwel,99424
Okhika,Kotyobakon,99424
Okhika,Okteneng,99424
Okhika,Tengnong,99424
Oksamol,Okma,99426
Oksamol,Oktae,99426
Oksamol,Tinibil,99426
Oksamol,Okdilam,99426
Oksamol,Autpahik,99426
Oksamol,Tomka,99426
Oksamol,Okpa,99426
Oksamol,Okhaka,99426
Oksamol,Honkuding,99426
Oksamol,Bomding,99426
Oksamol,Okdunam,99426
Oksamol,Paune,99426
Oklip,Oklip,99425
Oklip,Okhim,99425
Oklip,Oktem,99425
Oklip,Okbumul,99425
Oklip,Okamin,99425
Oklip,Oktumi,99425
Oklip,Komok,99425
Okbemtau,Oktau,99423
Okbemtau,Oktaru,99423
Okbemtau,Okbem,99423
Okbemtau,Okngam,99423
Okbemtau,Bemhimiku,99423
Okbemtau,Bilip Bayo,99423
Okbemtau,Atang Doki,99423
Okbemtau,Okalut Kumal,99423
Okbemtau,Kaep,99423
Oksebang,Kubiphkop,99427
Oksebang,Okano,99427
Oksebang,Sebul,99427
Oksebang,Mangabip,99427
Okbab,Sabin,99403
Okbab,Borban,99403
Okbab,Kirimu,99403
Okbab,Dumpasi,99403
Okbab,Maksum,99403
Okbab,Pedam,99403
Okbab,Tupoplyom,99403
Okbab,Yapil,99403
Okbab,Atembabol,99403
Okbab,Omliom,99403
Okbab,Peneli,99403
Okbab,Markom,99403
Batani,Karye,99441
Batani,Batani,99441
Batani,Segame,99441
Batani,Palur Satu,99441
Batani,Palur Dua,99441
Batani,Sople,99441
Batani,Bakata,99441
Weime,Merpasikne,99446
Weime,Taramlu,99446
Weime,Weime,99446
Weime,Meryang,99446
Weime,Limrepasikne,99446
Weime,Youlban,99446
Weime,Mekdamgon,99446
Weime,Daluban,99446
Weime,Nomteren,99446
Murkim,Bias,99444
Murkim,Bumi,99444
Murkim,Tero,99444
Murkim,Delemo,99444
Mofinop,Mot,99443
Mofinop,Milki,99443
Mofinop,Yubu,99443
Mofinop,Muara Asbi,99443
Mofinop,Tual,99443
Jetfa,Jetfa,99402
Jetfa,Lulis,99402
Jetfa,Tupalma Satu,99402
Jetfa,Tupalma Dua,99402
Jetfa,Kalimbu,99402
Jetfa,Bris,99402
Teiraplu,Teiraplu,99405
Teiraplu,Sinami,99405
Teiraplu,Maigame,99405
Teiraplu,Murme,99405
Teiraplu,Yuaban Satu,99405
Teiraplu,Yuaban Dua,99405
Teiraplu,Terapdei,99405
Teiraplu,Yitarget,99405
Teiraplu,Teriame,99405
Teiraplu,Bautme,99405
Eipumek,Eipumek,99453
Eipumek,Lalakon,99453
Eipumek,Londinin,99453
Eipumek,Talemu,99453
Eipumek,Wakidam,99453
Eipumek,Bunyirye,99453
Eipumek,Basiringe,99453
Eipumek,Barama,99453
Eipumek,Tanime,99453
Eipumek,Serabum,99453
Eipumek,Supleyu,99453
Eipumek,Kweredala,99453
Eipumek,Mungkona,99453
Eipumek,Malingdam,99453
Pamek,Marikla,99454
Pamek,Yabosorom,99454
Pamek,Pamek,99454
Pamek,Barice,99454
Pamek,Imde,99454
Pamek,Lumdakna,99454
Pamek,Baramirye,99454
Pamek,Mandalak,99454
Pamek,Yokul,99454
Pamek,Kalek,99454
Pamek,Pinggon,99454
Nongme,Nongme,99445
Nongme,Rubol,99445
Nongme,Yokom,99445
Nongme,Yarigon,99445
Nongme,Omtamur,99445
Nongme,Cangpally,99445
Nongme,Kwarban,99445
Kurima,Obolma,99705
Kurima,Ibiroma,99041
Kurima,Hihundes,99705
Kurima,Wanem,99041
Kurima,Anjelma,99041
Kurima,Pusuaga,99041
Kurima,Wulik Punua,99041
Kurima,Kilise,99041
Kurima,Air Garam,99041
Kurima,Esalien,99041
Kurima,Lukulema,99041
Kurima,Tukuarek,99041
Kurima,Kima,99705
Kurima,Yagarelo,99041
Kurima,Soroh,99705
Kurima,Eroma,99705
Kurima,Lotia,99041
Kurima,Wuluagaima,99041
Kurima,Huken,99041
Kurima,Huguma,99041
Kurima,Parela,99041
Kurima,Hesmat,99041
Anggruk,Yahulikma,99751
Anggruk,Lelambo,99042
Anggruk,Tulpa,99042
Anggruk,Ilwap,99042
Anggruk,Kiltam,99042
Anggruk,Pilong,99042
Anggruk,Vuno,99042
Anggruk,Suahi,99042
Anggruk,Tohong,99042
Anggruk,Paliptek,99042
Anggruk,Letin,99042
Anggruk,Hohe,99042
Ninia,Ninia,99740
Ninia,Liligan,99043
Ninia,Niniahan,99043
Ninia,Waerek,99043
Ninia,Wahaik,99043
Ninia,Sohwal,99043
Ninia,Babet,99043
Ninia,Kahul,99043
Ninia,Hwealoma,99043
Ninia,Liligan II,99740
Silimo,Momnoak,99712
Silimo,Silimo,99712
Silimo,Eksa,99712
Silimo,Siloma,99712
Silimo,Asia,99712
Silimo,Suet,99712
Silimo,Walkruk,99712
Silimo,Sodule,99712
Silimo,Sagaduk,99712
Silimo,Sianele,99712
Silimo,Eremnahom,99712
Silimo,Silon,99712
Silimo,Nikilei,99712
Silimo,Suok,99712
Silimo,Fabe,99712
Silimo,Weakma,99712
Silimo,Pinda,99712
Silimo,Hwesalemo,99712
Silimo,Sebin,99712
Silimo,Wubialo,99712
Samenage,Samenage,99710
Samenage,Haleroma,99710
Samenage,Muke,99710
Samenage,Pona,99710
Samenage,Ison,99710
Samenage,Asotapo,99710
Samenage,Hirin,99710
Samenage,Notnarek,99710
Samenage,Hugi Lokon,99710
Nalca,Nalca,99757
Nalca,Cenderawasih,99757
Nalca,Manggona,99757
Nalca,Bolda,99757
Nalca,Emm,99757
Nalca,Imsekla,99757
Nalca,Hein,99757
Nalca,Luwemna,99757
Dekai,Dekai,99702
Dekai,Kuaserama,99702
Dekai,Moruku,99702
Dekai,Massi,99702
Dekai,Keikey,99702
Dekai,Kuari,99702
Dekai,Muara,99702
Dekai,Kiribun,99702
Dekai,Kokamu,99702
Dekai,Tomon I,99702
Dekai,Sokamu,99702
Dekai,Tomon II,99702
Obio,Munu,99708
Obio,Obio,99708
Obio,Pugun,99708
Obio,Ujin,99708
Obio,Yahufa,99708
Obio,Jibak,99708
Obio,Patin,99708
Obio,Hom hom,99708
Obio,Wendame,99708
Obio,Kwakenoro,99708
Obio,Busupa,99708
Obio,Yagebo,99708
Obio,Penigik,99708
Suru Suru,Gopa,99049
Suru Suru,Jinusugu,99049
Suru Suru,Woropi,99715
Suru Suru,Senipan,99049
Suru Suru,Yosua,99049
Suru Suru,Rentis,99715
Suru Suru,Solok,99049
Wusama,Apdagma,99719
Wusama,Sabin,99719
Wusama,Mugi,99719
Wusama,Harap,99719
Wusama,Suok,99719
Wusama,Mul,99719
Wusama,Kolodoma,99719
Wusama,Sangatur,99719
Wusama,Sowaling,99719
Wusama,Yerekama,99719
Wusama,Walkuma,99719
Amuma,Amuma,99701
Amuma,Sarmuge,99701
Amuma,Tolikapura,99701
Amuma,Wisikma,99701
Amuma,Silorin,99701
Amuma,Waeklek,99701
Amuma,Balum Erang,99701
Amuma,Golowen,99701
Amuma,Orugai,99701
Amuma,Plau,99701
Amuma,Sagasal,99701
Amuma,Kinika,99701
Amuma,Harapan,99701
Musaik,Usaregeik,99707
Musaik,Lidipmu,99707
Musaik,Sumegen,99707
Musaik,Hendikma,99707
Musaik,Bue,99707
Musaik,Haletuk,99707
Musaik,Dekbok,99707
Musaik,Yeriko,99707
Musaik,Weleheikma,99707
Musaik,Esaikma,99707
Pasema,Pasema,99709
Pasema,Leinoko,99709
Pasema,Lowet,99709
Pasema,Wea,99709
Pasema,Sengangge,99709
Pasema,Wulin,99709
Pasema,Pupi,99709
Hogio,Paima,99703
Hogio,Dugumhad,99703
Hogio,Leleak,99703
Hogio,Subsal,99703
Hogio,Sengsenagaik,99703
Hogio,Sipnidipmu,99703
Hogio,Hogio I,99703
Hogio,Hogio II,99703
Mugi,Kosihun,99706
Mugi,Seima,99706
Mugi,Userem,99706
Mugi,Yuarima,99706
Mugi,Ugem,99706
Mugi,Wusagasem,99706
Mugi,Hunenima,99706
Mugi,Itlay Wopi,99706
Mugi,Togoluk,99706
Mugi,Herawe,99706
Mugi,Hendang,99706
Mugi,Ilokomo,99706
Mugi,Hulesi,99706
Mugi,Wanesi,99706
Mugi,Panyoke,99706
Mugi,Nyikinen,99706
Mugi,Wesangma,99706
Mugi,Olomising,99706
Mugi,Wemasili,99706
Mugi,Lugulmu,99706
Soba,Soba,99713
Soba,Hepinis,99713
Soba,Aguluntipmu,99713
Soba,Nilen,99713
Soba,Surukmu,99713
Soba,Tanda,99713
Werima,Lokon,99718
Werima,Luarima,99718
Werima,Werima,99718
Werima,Hanoasuok,99718
Werima,Wesagalep,99718
Werima,Wesama,99718
Werima,Weasi,99718
Werima,Weriaput,99718
Werima,Suesi,99718
Werima,Nesuwen,99718
Werima,Esema Husage,99718
Werima,Libuk,99718
Werima,Hagawen,99718
Werima,Hepia,99718
Tangma,Tangma,99716
Tangma,Wamarek,99716
Tangma,Hipela,99716
Tangma,Huewi,99716
Tangma,Punno,99716
Tangma,Simeka,99716
Tangma,Yeleas,99716
Tangma,Aleleng,99716
Tangma,Yalimo,99716
Tangma,Helo,99716
Ukha,Ukha,99717
Ukha,Kuleken,99717
Ukha,Amisangi,99717
Ukha,Wenapuk,99717
Ukha,Eki,99717
Ukha,Yelepunu,99717
Ukha,Siolorema,99717
Ukha,Musanarek,99717
Ukha,Walialema,99717
Ukha,Lua,99717
Ukha,Wakunyama,99049
Panggema,Pontenikma,99759
Panggema,Kuni,99759
Panggema,Panggema,99759
Panggema,Homtonggo,99759
Panggema,Tukam,99759
Panggema,Kemumanggen,99759
Panggema,Yangkali,99759
Panggema,Weresili,99759
Panggema,Susek,99759
Panggema,Kolu,99759
Panggema,Tonggoi,99759
Panggema,Bineluk,99759
Panggema,Masahan,99759
Kosarek,Kosarek,99756
Kosarek,Nahomas,99756
Kosarek,Silkom,99756
Kosarek,Wahe,99756
Kosarek,Hombuka,99756
Kosarek,Mine,99756
Kosarek,Uldam,99756
Kosarek,Tiple,99756
Kosarek,Wesaltek,99756
Kosarek,Konosa,99756
Kosarek,Illion,99756
Nipsan,Nipsan,99758
Nipsan,Tapla,99758
Nipsan,Walmak,99758
Nipsan,Serengon,99758
Nipsan,Ikmu,99758
Nipsan,Biu,99758
Nipsan,Ilukdamon,99758
Nipsan,Yalmun,99758
Ubahak,Ubahak,99763
Ubahak,Saruk,99763
Ubahak,Pini,99763
Ubahak,Sosomikma,99763
Ubahak,Suhuntek,99763
Ubahak,Keleng,99763
Ubahak,Silong,99763
Ubahak,Nurap,99763
Ubahak,Wamuhuk,99763
Ubahak,Welile,99763
Ubahak,Mabien,99763
Ubahak,Kibianggen,99763
Ubahak,Koluang,99763
Ubahak,Tolombing,99763
Ubahak,Furuluk,99763
Ubahak,Oblin,99763
Ubahak,Bisifak,99763
Pronggoli,Siwikma,99760
Pronggoli,Pontenpilik,99760
Pronggoli,Piliam,99760
Pronggoli,Hiklahin,99760
Pronggoli,Helapilik,99760
Pronggoli,Lirutek,99760
Pronggoli,Huhulpunu,99760
Pronggoli,Pronggoli,99760
Walma,Walma,99765
Walma,Solinggul,99765
Walma,Hontulun,99765
Walma,Honggolek,99765
Walma,Werene,99765
Walma,Weri,99765
Walma,Wewasi,99765
Walma,Yetehup,99765
Yahuliambut,Subundalek,99745
Yahuliambut,Tanggeam,99745
Yahuliambut,Amfulma,99745
Yahuliambut,Suksale,99745
Yahuliambut,Linggisen,99745
Hereapini,Hereapini,99755
Hereapini,Pelentum,99755
Hereapini,Homboki,99755
Hereapini,Menetsing,99755
Hereapini,Pue,99755
Hereapini,Kabukal,99755
Hereapini,Kinkun,99755
Hereapini,Hoet,99755
Hereapini,Muhumu,99755
Hereapini,Ohena,99755
Hereapini,Nelisa,99755
Ubalihi,Wanam,99764
Ubalihi,Hereky,99764
Ubalihi,Membaham,99764
Ubalihi,Wisomi,99764
Ubalihi,Talambela,99764
Ubalihi,Sehelu,99764
Ubalihi,Ubalihion,99764
Ubalihi,Walahan,99764
Ubalihi,Salakma,99764
Ubalihi,Samiyul,99764
Ubalihi,Letfet,99764
Talambo,Talambo,99762
Talambo,Tibul,99762
Talambo,Kikila,99762
Talambo,Palukae,99762
Talambo,Wubri,99762
Talambo,Bari,99762
Talambo,Lulum,99762
Talambo,Paleromon,99762
Talambo,Lelambo 2,99762
Puldama,Puldama,99761
Puldama,Kasen,99761
Puldama,Bako,99761
Puldama,Balsek,99761
Puldama,Manbolak,99761
Puldama,Famek,99761
Puldama,Semlu,99761
Puldama,Baru,99761
Endomen,Endomen,99754
Endomen,Okloma,99754
Endomen,Delon,99754
Endomen,Suron,99754
Endomen,Sentul,99754
Endomen,Gidomen,99754
Endomen,Galsin,99754
Endomen,Kouwet,99754
Kona,Kona,99721
Kona,Kalpok,99721
Kona,Seklak,99721
Kona,Wetmuk,99721
Kona,Kugun,99721
Dirwemna,Dirwemna,99752
Dirwemna,Aksal,99752
Dirwemna,Dolsen,99752
Dirwemna,Salengkomo,99752
Dirwemna,Silion,99752
Holuwon,Holuwon,99733
Holuwon,Danggema,99733
Holuwon,Weni,99733
Holuwon,Sosi,99733
Holuwon,Sia,99733
Holuwon,Bineleruk,99733
Holuwon,Sohonggik,99733
Lolat,Wanim,99739
Lolat,Lolat,99739
Lolat,Bunde,99739
Lolat,Serahak,99739
Lolat,Webile,99739
Lolat,Dinggila,99739
Lolat,Esalek,99739
Lolat,Denema,99739
Soloikma,Weawen,99743
Soloikma,Kwelena,99743
Soloikma,Singokla,99743
Soloikma,Banga,99743
Soloikma,Soline,99743
Soloikma,Musan,99743
Soloikma,Salbi,99743
Soloikma,Erim,99743
Sela,Sela,99741
Sela,Megom,99741
Sela,Mondon,99741
Sela,Horoman,99741
Sela,Makero,99741
Sela,Orisin,99741
Sela,Monamna,99741
Sela,Ejub,99741
Sela,Dolbol,99741
Sela,Hemuka,99741
Sela,Phoy,99741
Sela,Sulda,99741
Sela,Mekdua,99741
Sela,Bera,99741
Sela,Holdomen,99741
Sela,Asok,99741
Korupun,Korupun,99735
Korupun,Dagi,99735
Korupun,Wemin,99735
Korupun,Morome,99735
Korupun,Moo,99735
Korupun,Batkuk,99735
Korupun,Maldua,99735
Korupun,Amdua,99735
Korupun,Somsek,99735
Korupun,Basal,99735
Korupun,Yamdua,99735
Korupun,Dildau,99735
Langda,Langda,99738
Langda,Alirji,99738
Langda,Laryi,99738
Langda,Wasumurji,99738
Langda,Kirabuk,99738
Langda,Kap-kap,99738
Langda,Yalar,99738
Langda,Bebekle,99738
Langda,Lukun,99738
Bomela,Bomela,99731
Bomela,Yalmabi,99731
Bomela,Kitikni,99731
Bomela,Sombat,99731
Bomela,Kubialat,99731
Bomela,Palamdua,99731
Suntamon,Suntamon,99744
Suntamon,Tapasik,99744
Suntamon,Bulbul,99744
Suntamon,Dirik,99744
Suntamon,Yup,99744
Suntamon,Bongkok,99744
Suntamon,Masumkon,99744
Suntamon,Binalkon,99744
Seradala,Seradala,99711
Seradala,Moruf,99711
Seradala,Koper,99711
Seradala,Teret,99711
Seradala,Tokuni,99711
Seradala,Burupmakot,99711
Seradala,Yasip,99711
Seradala,Masomduba,99711
Seradala,Samboga,99711
Sobaham,Yalisomon,99742
Sobaham,Yabi,99742
Sobaham,Sobaham,99742
Sobaham,Balinggama,99742
Sobaham,Dohong,99742
Sobaham,Hamik,99742
Sobaham,Kulahaik,99742
Sobaham,Simbuk,99742
Sobaham,Puahun,99742
Sobaham,Silak Pahabol,99742
Sobaham,Sele,99742
Sobaham,Benembia,99742
Sobaham,Hubik,99742
Kabianggama,Kabianggama,99734
Kabianggama,Sohobma,99734
Kabianggama,Sohal,99734
Kabianggama,Bahabolma,99734
Kabianggama,Subayo,99734
Kabianggama,Buahun,99734
Kabianggama,Domul,99734
Kwelamdua,Debula,99736
Kwelamdua,Kwelamdua,99736
Kwelamdua,Kubuk dua,99736
Kwelamdua,Senayom,99736
Kwelamdua,Sesepne,99736
Kwelamdua,Baluk,99736
Kwelamdua,Kemligin,99736
Kwelamdua,Obis,99736
Kwelamdua,Yalidomon,99736
Kwelamdua,Kabulan,99736
Kwikma,Silakma,99737
Kwikma,Somarin,99737
Kwikma,Kenkeni,99737
Kwikma,Monin,99737
Kwikma,Enggelasue,99737
Kwikma,Oakbisik,99737
Kwikma,Momenggama,99737
Kwikma,Husmo,99737
Kwikma,Karelma,99737
Kwikma,Usabini,99737
Hilipuk,Hilipuk,99732
Hilipuk,Homidipmu,99732
Hilipuk,Kini,99732
Hilipuk,Yaruhuk,99732
Hilipuk,Jamin,99732
Hilipuk,Dindok,99732
Hilipuk,Sohondipmu,99732
Duram,Duram,99753
Duram,Yeminikma,99753
Duram,Goak,99753
Duram,Digitme,99753
Duram,Dengat,99753
Duram,Niniwi,99753
Yogosem,Yogosem,99720
Yogosem,Kiroma,99720
Yogosem,Sogasio,99720
Yogosem,Saikama,99720
Yogosem,Hokolekma,99720
Yogosem,Esahapuk,99720
Yogosem,Mesahaput,99720
Kayo,Kayo,99704
Kayo,Molama,99704
Kayo,Sebu,99704
Kayo,Walet,99704
Kayo,Hombesaloma,99704
Kayo,Alhai,99704
Kayo,Uase,99704
Sumo,Sumo,99714
Sumo,Uam,99714
Sumo,Maku,99714
Sumo,Obokain,99714
Sumo,Jibuk,99714
Sumo,Wenapong,99714
Sumo,Muara Balim,99714
Sumo,Hunisi,99714
Sumo,Boor,99714
Sumo,Wirilu,99714
Sumo,Kwiriside,99714
Karubaga,Karubaga,99027
Karubaga,Kogimagi,99411
Karubaga,Muara,99411
Karubaga,Ampera,99411
Karubaga,Elsadai,99411
Karubaga,Ebenhaiser,99411
Karubaga,Kolilan,99411
Karubaga,Kuloname,99411
Karubaga,Lirak,99411
Karubaga,Kimobur,99027
Karubaga,Kuragepura,99411
Karubaga,Kiranage,99027
Karubaga,Luwik,99411
Karubaga,Gininggadonak,99411
Karubaga,Danggulurik,99411
Karubaga,Gurikme,99411
Karubaga,Molera,99411
Karubaga,Nalorini,99411
Karubaga,Beleme,99411
Karubaga,Gurikagewa,99411
Karubaga,Pulanggun,99411
Karubaga,Yalikaluk,99411
Karubaga,Losmen,99411
Bokondini,Bokondini,99012
Bokondini,Mairini,99412
Bokondini,Apiam,99412
Bokondini,Umaga,99412
Bokondini,Galala,99412
Bokondini,Mingganggo,99012
Bokondini,Tenggagama,99012
Bokondini,Kologume,99012
Bokondini,Lambogo,99412
Bokondini,Jawalane,99412
Bokondini,Dunduma,99412
Kanggime,Kanggime,99044
Kanggime,Marlo,99413
Kanggime,Logon,99413
Kanggime,Aulani,99413
Kanggime,Ligiibak,99413
Kanggime,Kerena,99413
Kanggime,Purugi,99413
Kanggime,Lawor,99413
Kanggime,Kagimaluk,99413
Kanggime,Dundu,99413
Kembu,Kembu,99056
Kembu,Mamit,99414
Kembu,Yowo,99414
Kembu,Nugari,99414
Kembu,Kobon,99414
Kembu,Kabori,99414
Kembu,Genani,99414
Kembu,Wulinaga,99414
Kembu,Aworera,99414
Kembu,Agimdek,99056
Kembu,Tioga,99414
Goyage,Goyage,99025
Goyage,Yemarima,99415
Goyage,Tigikun,99025
Goyage,Dugi,99025
Goyage,Doge,99415
Goyage,Benari,99415
Goyage,Wijamurik,99025
Goyage,Woji,99025
Goyage,Mampulaga,99415
Goyage,Tidur Mabuk,99415
Goyage,Bini,99415
Goyage,Didelonik,99415
Goyage,Kumbu,99415
Goyage,Peko,99415
Goyage,Tiri,99415
Goyage,Tigir,99415
Goyage,Bopa,99415
Goyage,Angkasa,99025
Goyage,Gilok,99025
Wunim,Wurineri,99036
Wunim,Pokegi,99416
Wunim,Arombok,99036
Wunim,Enanagi,99036
Wunim,Pindak,99416
Wunim,Gilopaga,99416
Wunim,Keribaga,99416
Wunim,Wona,99416
Wunim,Numbuboton,99416
Wina,Wina,99417
Wina,Gualo,99417
Wina,Bimbogul,99063
Wina,Yugumengga,99063
Wina,Wariru,99417
Wina,Yugubuk,99063
Wina,Akima,99417
Wina,Malela,99417
Wina,Nakwil,99417
Wina,Finai,99417
Wina,Holandia,99417
Wina,Tawi,99417
Wina,Yogweme,99417
Umagi,Umagi,99061
Umagi,Yali,99418
Umagi,Nambu,99061
Umagi,Nolopur,99061
Umagi,Yaleme,99061
Umagi,Gatini,99418
Umagi,Mino,99061
Umagi,Gurin,99418
Umagi,Piriluk,99418
Umagi,Pagongga,99061
Umagi,Warna,99418
Umagi,Popaga,99061
Panaga,Panaga,99057
Panaga,Ibunuh,99419
Panaga,Saksi Maler,99419
Panaga,Kutiom,99057
Panaga,Eragani,99419
Panaga,Pindanggun,99419
Panaga,Siak,99419
Panaga,Yandono,99419
Panaga,Paido,99419
Woniki,Lugwi,99421
Woniki,Yaliwak,99421
Woniki,Teropme,99048
Woniki,Yigonime,99048
Woniki,Mome,99421
Woniki,Bugum,99421
Woniki,Pagona,99421
Woniki,Wunabu,99421
Woniki,Wilileme,99421
Woniki,Yangguni,99048
Kubu,Aruku,99422
Kubu,Kubugiwa,99030
Kubu,Kubu,99030
Kubu,Numbugawe,99422
Kubu,Tiyenggupur,99030
Kubu,Murik,99422
Kubu,Minagi,99422
Kubu,Kalewi,99422
Kubu,Menggenagi,99422
Konda/Kondaga,Konda,99028
Konda/Kondaga,Arulo,99028
Konda/Kondaga,Mandura,99423
Konda/Kondaga,Mowilome,99423
Konda/Kondaga,Arumagi,99423
Konda/Kondaga,Gimo,99423
Konda/Kondaga,Silabulo,99423
Konda/Kondaga,Arikoba,99423
Konda/Kondaga,Tingapura,99423
Konda/Kondaga,Ganage,99028
Konda/Kondaga,Yawineri,99028
Nelawi,Mondagul,99032
Nelawi,Timojimo,99424
Nelawi,Tabowanimbo,99032
Nelawi,Nelawi,99424
Nelawi,Woromolome,99032
Nelawi,Kendemaya,99032
Nelawi,Palagi,99032
Nelawi,Megapura,99032
Nelawi,Wabuna,99032
Nelawi,Minagame,99032
Nelawi,Barename/Luanggi,99032
Nelawi,Yilogonime/Tabinabo,99032
Kuari,Kuari,99029
Kuari,Menggeba,99029
Kuari,Alopur,99029
Kuari,Kenen,99029
Kuari,Wanggugup,99029
Kuari,Baliminggi,99029
Kuari,Abepur,99029
Kuari,Markar,99029
Kuari,Luanggi,99029
Kuari,Kondegun,99029
Kuari,Jinulira,99029
Kuari,Kibur,99029
Kuari,Tebenalo,99029
Kuari,Umaga,99029
Kuari,Kurik,99029
Kuari,Menggenagame,99425
Kuari,Gubagi,99029
Bokoneri,Bokoneri,99013
Bokoneri,Donggem,99013
Bokoneri,Abimbak,99013
Bokoneri,Munagame,99013
Bokoneri,Kanewunuk,99013
Bokoneri,Nanggurilime,99013
Bokoneri,Kurewunuk,99013
Bokoneri,Durima,99013
Bokoneri,Lerewere,99013
Bokoneri,Bolly,99013
Bokoneri,Omuk,99013
Bokoneri,Wonaga,99426
Bokoneri,Waringga,99013
Bokoneri,Tanabume,99013
Bokoneri,Kanere,99013
Bokoneri,Nunggalo,99013
Bokoneri,Weri,99013
Bewani,Abena,99011
Bewani,Nogobumbu,99011
Bewani,Bilubaga,99011
Bewani,Gabunggobak,99011
Bewani,Wulurik,99011
Bewani,Wanggulam,99011
Bewani,Bitillabur,99011
Bewani,Windik,99011
Bewani,Yibalo,99011
Bewani,Wania,99011
Bewani,Arelam,99011
Bewani,Gelalo,99011
Bewani,Duma,99011
Bewani,Yinama,99011
Nabunage,Nabunage,99045
Nabunage,Kupara,99045
Nabunage,Kutime,99045
Nabunage,Kumbo,99045
Nabunage,Timbindelo,99045
Nabunage,Jekito,99428
Nabunage,Wewo,99428
Nabunage,Geningga,99428
Nabunage,Kimilo,99428
Nabunage,Missa,99428
Nabunage,Logilome,99045
Gilubandu,Tinggom,99043
Gilubandu,Egoni,99429
Gilubandu,Martelo,99043
Gilubandu,Lerewere,99043
Gilubandu,Yakep,99429
Gilubandu,Welesi,99043
Gilubandu,Orelukban,99043
Gilubandu,Baguni,99429
Gilubandu,Kulutin,99043
Gilubandu,Yamulo,99043
Nunggawi,Nunggawi,99046
Nunggawi,Kokondao,99046
Nunggawi,Belep,99046
Nunggawi,Kuripaga,99046
Nunggawi,Kimobur,99046
Nunggawi,Wondame,99046
Nunggawi,Kilungga,99046
Nunggawi,Nombori,99046
Nunggawi,Delelah,99046
Nunggawi,Gilo,99046
Nunggawi,Undi,99046
Nunggawi,Derek,99046
Nunggawi,Numbe,99046
Nunggawi,Kanggineri,99046
Nunggawi,Wonoluk,99046
Nunggawi,Barenggo,99046
Nunggawi,Tunibur,99046
Nunggawi,Woyi,99046
Nunggawi,Kubalo,99046
Nunggawi,Tinoweno,99046
Nunggawi,Mololowa,99046
Nunggawi,Kunipaga,99046
Nunggawi,Kabumanggen,99046
Nunggawi,Kondangwi,99046
Nunggawi,Kipino,99046
Nunggawi,Tomobur,99046
Gundagi,Wamolo,99055
Gundagi,Woraga,99055
Gundagi,Kalarin,99055
Gundagi,Gubuk,99055
Gundagi,Umar,99055
Gundagi,Wobe,99432
Gundagi,Gingga,99055
Gundagi,Punggelak,99055
Gundagi,Kurik,99055
Gundagi,Gumbini,99055
Gundagi,Muruneri,99055
Gundagi,Nangga,99055
Gundagi,Enggawogo,99055
Gundagi,Wamili,99055
Gundagi,Oker,99432
Gundagi,Winengga,99055
Gundagi,Aworera,99055
Numba,Numba,99033
Numba,Baliminggi,99433
Numba,Kuma,99433
Numba,Yugumena,99433
Numba,Yalogo,99033
Numba,Yiragame,99033
Numba,Tingwineri,99033
Numba,Guniki,99433
Numba,Keragigelok,99033
Numba,Jinuwanu,99433
Timori,Bolubur,99060
Timori,Geneluk,99060
Timori,Tirib,99060
Timori,Beremo,99060
Timori,Pirage,99060
Timori,Koinggambu,99060
Timori,Liwina,99060
Timori,Eragani,99060
Timori,Luki,99060
Timori,Tioner,99434
Timori,Logulo,99060
Timori,Bawi,99434
Dundu,Dundu,99052
Dundu,Nugini,99052
Dundu,Kembu,99052
Dundu,Kurupu,99435
Dundu,Yiku,99052
Dundu,Bimo,99435
Dundu,Dugunagep,99435
Dundu,Nilogabu,99052
Dundu,Nakwi,99052
Dundu,Nini,99052
Geya,Geya,99024
Geya,Alobaga,99436
Geya,Timori,99024
Geya,Nawu,99024
Geya,Tinagoga,99024
Geya,Witipur,99024
Geya,Jelepele,99024
Geya,Winalo,99024
Geya,Kibu,99436
Geya,Wunggilipur,99436
Geya,Weyambi,99436
Geya,Dimbara,99024
Egiam,Egiam,99053
Egiam,Yonira,99437
Egiam,Tabonakme,99437
Egiam,Murni,99437
Egiam,Yoka,99437
Egiam,Wayongga,99437
Egiam,Weri,99437
Egiam,Pinde,99437
Egiam,Kurba,99437
Egiam,Kaliundi,99437
Poganeri,Gagulineri,99438
Poganeri,Telekonok,99438
Poganeri,Kuoklanggunik,99438
Poganeri,Bogokila,99438
Poganeri,Mabuk,99438
Poganeri,Nogari,99438
Poganeri,Genage,99438
Poganeri,Tigir,99438
Poganeri,Gindugunik,99438
Poganeri,Konengga,99438
Kamboneri,Berembanak,99439
Kamboneri,Habag,99439
Kamboneri,Kekoli,99439
Kamboneri,Kamboniki,99439
Kamboneri,Kaloniki,99439
Kamboneri,Tari,99439
Kamboneri,Marbuna,99439
Kamboneri,Malta,99439
Airgaram,Onggokme,99441
Airgaram,Kubur,99441
Airgaram,Weu,99441
Airgaram,Liwese,99441
Airgaram,Wenduri,99441
Airgaram,Tabo Wanimbo,99441
Airgaram,Lenggup,99441
Airgaram,Tinger,99441
Wari/Taiyeve II,Yanora,99062
Wari/Taiyeve II,Wari/Taiyeve,99442
Wari/Taiyeve II,Papedari,99442
Wari/Taiyeve II,Dotori,99062
Wari/Taiyeve II,Arebe/Ninggame,99062
Wari/Taiyeve II,Kowari,99062
Wari/Taiyeve II,Wiki,99062
Wari/Taiyeve II,Kuruku,99062
Wari/Taiyeve II,Friji,99442
Wari/Taiyeve II,Dorera,99062
Wari/Taiyeve II,Dustra/Yamiriko,99062
Wari/Taiyeve II,Muna,99062
Wari/Taiyeve II,Kalibu,99062
Wari/Taiyeve II,Laniloma,99062
Wari/Taiyeve II,Wakumendek,99062
Wari/Taiyeve II,Timoga/Kabupaga,99062
Wari/Taiyeve II,Beleise,99062
Dow,Dow/Bijere,99051
Dow,Takri,99443
Dow,Prawa,99443
Dow,Sigou,99051
Dow,Dagari,99051
Dow,Warka,99051
Dow,Pakare,99051
Dow,Tigu,99051
Dow,Bire,99443
Dow,Itoli,99051
Dow,Vokuyo,99051
Tagineri,Silo,99017
Tagineri,Logi,99017
Tagineri,Tagi,99017
Tagineri,Bini,99017
Tagineri,Dunda,99017
Tagineri,Getiem,99017
Tagineri,Rumbepaga,99017
Tagineri,Yimabnime,99017
Tagineri,Wanuk,99017
Tagineri,Lamaluk,99017
Yuneri,Yuneri,99037
Yuneri,Yido,99037
Yuneri,Omibur,99037
Yuneri,Tenabaga,99037
Yuneri,Wonabunggame,99037
Yuneri,Gembileme,99037
Yuneri,Wenome,99037
Yuneri,Mopi,99037
Yuneri,Kanggilo,99037
Yuneri,Yudimba,99037
Yuneri,Umar,99037
Wakuwo,Wama,99047
Wakuwo,Wonitu,99047
Wakuwo,Kumbur,99047
Wakuwo,Kwarini,99047
Wakuwo,Weyage,99047
Wakuwo,Timer,99047
Wakuwo,Gulak,99047
Wakuwo,Nowo,99047
Wakuwo,Gunalo,99047
Wakuwo,Korlo,99047
Wakuwo,Towolome,99047
Wakuwo,Golena,99047
Gika,Geka,99054
Gika,Kwa,99054
Gika,Gelok,99054
Gika,Makido,99054
Gika,Yinuwanu,99054
Gika,Wanuwi,99054
Gika,Dimbara,99054
Gika,Wenigi,99054
Gika,Membramonggen,99054
Gika,Tabunakme,99054
Telenggeme,Telenggeme,99059
Telenggeme,Aukuni,99059
Telenggeme,Tenek,99059
Telenggeme,Kimunuk,99059
Telenggeme,Kimugu,99059
Telenggeme,Yagagobak,99059
Telenggeme,Linggira,99059
Telenggeme,Wekaru,99059
Telenggeme,Dolunggun,99059
Telenggeme,Kagi,99059
Anawi,Anawi,99022
Anawi,Yalipura,99022
Anawi,Kotori,99022
Anawi,Bieleme,99022
Anawi,Yalokobak,99022
Anawi,Linggira,99022
Anawi,Aridunda,99022
Anawi,Loguk,99022
Anawi,Imurik,99022
Anawi,Gineri,99022
Wenam,Banggeri,99034
Wenam,Igari,99034
Wenam,Tina,99034
Wenam,Telelomi,99034
Wenam,Kopenawai,99034
Wenam,Wunggi,99034
Wenam,Baganagapur,99034
Wenam,Milineri,99034
Wenam,Mili,99034
Wenam,Geyaneri,99034
Wugi,Wugi,99035
Wugi,Loma,99035
Wugi,Gitar,99035
Wugi,Gilime,99035
Wugi,Lena,99035
Wugi,Timoneri,99035
Wugi,Kuagembur,99035
Wugi,Wuronggi,99035
Wugi,Buangludah,99035
Wugi,Pindelo,99035
Wugi,Koli,99035
Danime,Wania,99014
Danime,Milipaa,99014
Danime,Tarawi,99014
Danime,Niagale,99014
Danime,Bumbu,99014
Danime,Ambena,99014
Danime,Gunombo,99014
Danime,Mawi,99014
Danime,Ripa,99014
Danime,Delegari,99014
Tagime,Peyola,99016
Tagime,Kogotime,99016
Tagime,Gabunam,99016
Tagime,Gulak,99016
Tagime,Melaga,99016
Tagime,Ekoni,99016
Tagime,Minggen,99016
Tagime,Kandimbaga,99016
Tagime,Kinebe,99016
Tagime,Belela,99016
Kai,Kaiga,99026
Kai,Bawi,99026
Kai,Tina,99026
Kai,Kurbaya,99026
Kai,Wiyangger,99026
Kai,Again,99026
Kai,Piraleme,99026
Kai,Tunggunale,99026
Kai,Kotorambur,99026
Kai,Wolu,99026
Aweku,Wuluk,99041
Aweku,Wenggun,99041
Aweku,Posman,99041
Aweku,Tiyonggi,99041
Aweku,Yelly,99041
Aweku,Agin,99041
Aweku,Kogagi,99041
Aweku,Yebena,99041
Aweku,Wamigi,99041
Aweku,Kolanggun,99041
Bogonuk,Bogonuk,99042
Bogonuk,Wisman,99042
Bogonuk,Paba,99042
Bogonuk,Ewan,99042
Bogonuk,Wumelak,99042
Bogonuk,Walelo,99042
Bogonuk,Laura,99042
Bogonuk,Talinamber,99042
Bogonuk,Aliduda,99042
Bogonuk,Andomak,99042
Li Anogomma,Wiyaluk,99031
Li Anogomma,Aburage,99031
Li Anogomma,Kogoyapura,99031
Li Anogomma,Erimbur,99031
Li Anogomma,Leragawi/Megagirakusk,99031
Li Anogomma,Longgoboma,99031
Li Anogomma,Tingwi,99031
Li Anogomma,Gubura,99031
Li Anogomma,Lubuk,99031
Li Anogomma,Bogome,99031
Biuk,Biuk,99023
Biuk,Guburini,99023
Biuk,Yiluk/Kondenggun,99023
Biuk,Yugu Mabur,99023
Biuk,Tomagipura,99023
Biuk,Yiyogobak/Kibur,99023
Biuk,Galubup,99023
Biuk,Mbinime/Jinulira,99023
Biuk,Wonabu,99023
Biuk,Tomagi/Gubagi,99023
Biuk,Purugi,99023
Yuko,Pekaleme,99064
Yuko,Teleme,99064
Yuko,Giko,99064
Yuko,Kungge,99064
Yuko,Kotorambur,99064
Yuko,Miyanagame,99064
Yuko,Karu,99064
Yuko,Tabuh,99064
Yuko,Gwak Dugunik,99064
Yuko,Minegimen,99064
Yuko,Ambirik,99064
Kobakma,Kobakma,99074
Kobakma,Ninugagas,99074
Kobakma,Seralema,99074
Kobakma,Gimbis,99074
Kobakma,Boroges,99074
Kobakma,Aunduang,99074
Kobakma,Luarima,99074
Kobakma,Guawage,99074
Kobakma,Moga,99074
Kobakma,Keniwa,99074
Kobakma,Sembegulik,99074
Kobakma,Dogle,99074
Kobakma,Wiyugobak,99074
Kobakma,Baliklabuk,99074
Kobakma,Yagalim,99074
Kelila,Kelila,99072
Kelila,Dibunggen,99072
Kelila,Timeria,99072
Kelila,Uganda,99072
Kelila,Dogobak,99072
Kelila,Yalenggolo,99072
Kelila,Binime,99072
Kelila,Tikapura,99072
Kelila,Onggobalo,99072
Kelila,Kambo,99072
Kelila,Kindok,99072
Kelila,Tari,99072
Kelila,Gelora,99072
Kelila,Yagabur,99072
Kelila,Pelanme,99072
Kelila,Tonggrik,99072
Kelila,Kumbu,99072
Kelila,Mabuna,99072
Kelila,Manggaleso,99072
Eragayam,Winima,99071
Eragayam,Mogonik,99071
Eragayam,Winam,99071
Eragayam,Kino,99071
Eragayam,Ayeki,99071
Eragayam,Enggama,99071
Eragayam,Wurigelobar,99071
Eragayam,Pagale,99071
Eragayam,Arsbol,99071
Eragayam,Yabendili,99071
Eragayam,Moligi,99071
Eragayam,Kugab,99071
Eragayam,Engaima,99071
Eragayam,Erageam,99071
Eragayam,Wanilok,99071
Megambilis,Megambilis,99075
Megambilis,Tariko,99075
Megambilis,Homasan,99075
Megambilis,Higisyam,99075
Ilugwa,Kalarin,99073
Ilugwa,Melenggama,99073
Ilugwa,Ilugwa,99073
Ilugwa,Wirima,99073
Ilugwa,Danama,99073
Ilugwa,Illusilimo,99073
Elelim,Elelim,99082
Elelim,Aluis,99082
Elelim,Honita,99082
Elelim,Yabema,99082
Elelim,Pihel,99082
Elelim,Walkep,99082
Elelim,Pangkik,99082
Elelim,Maribu,99082
Elelim,Yakikma,99082
Elelim,Ulo,99082
Elelim,Sira,99082
Elelim,Ohoam,99082
Elelim,Bulmu,99082
Elelim,Ubi,99082
Elelim,Pirip,99082
Elelim,Momonhusi,99082
Elelim,Helabu,99082
Elelim,Pungkahik,99082
Elelim,Wekolani,99082
Elelim,Hobakma,99082
Elelim,Wasua,99082
Elelim,Warikma,99082
Elelim,Kalak,99082
Elelim,Isila,99082
Elelim,Fima,99082
Elelim,Sohi,99082
Elelim,Pasimbolo,99082
Elelim,Wagagu,99082
Elelim,Sowi,99082
Elelim,Sipson,99082
Elelim,Sipsoi,99082
Elelim,Eregi,99082
Elelim,Ohoniam,99082
Elelim,Hiling,99082
Elelim,Duwong,99082
Elelim,Pisireg,99082
Elelim,Tanapasir,99082
Elelim,Olani,99082
Elelim,Sili,99082
Elelim,Hesmat,99082
Elelim,Molinggu,99082
Elelim,Werekma,99082
Elelim,Emon,99082
Elelim,Kwikma,99082
Apalapsili,Apalapsili,99084
Apalapsili,Hubliki,99084
Apalapsili,Kulet,99084
Apalapsili,Yarema,99084
Apalapsili,Asiligma,99084
Apalapsili,Lambukmu,99084
Apalapsili,Suwewili,99084
Apalapsili,Yohul,99084
Apalapsili,Lilinsaluk,99084
Apalapsili,Natoksili,99084
Apalapsili,Hinanggoambut,99084
Apalapsili,Wiyukwilik,99084
Apalapsili,Fari,99084
Apalapsili,Wasalalo,99084
Apalapsili,Suerlihim,99084
Apalapsili,Orohon,99084
Apalapsili,Habalo,99084
Apalapsili,Sabilikalem,99084
Apalapsili,Wanamalo,99084
Apalapsili,Kundikele,99084
Apalapsili,Kelampurim,99084
Apalapsili,Holukalem,99084
Apalapsili,Yeptek,99084
Apalapsili,Benyam,99084
Apalapsili,Temput,99084
Apalapsili,Sabualo,99084
Apalapsili,Nanahoruk,99084
Apalapsili,Kengkenbun,99084
Apalapsili,Sien,99084
Apalapsili,Kinhe,99084
Apalapsili,Humalem,99084
Apalapsili,Pipisim,99084
Apalapsili,Makrig,99084
Apalapsili,Ilirek,99482
Apalapsili,Filiahik,99084
Apalapsili,Kilat,99084
Apalapsili,Baptekma,99084
Apalapsili,Nohonil,99084
Apalapsili,Asilikma,99084
Apalapsili,Tikano,99084
Apalapsili,Nasinema,99084
Apalapsili,Eal,99084
Apalapsili,Hukalopunu,99084
Apalapsili,Alimuhuk,99084
Apalapsili,Pong,99084
Apalapsili,Molinggi,99084
Apalapsili,Sobikambut,99084
Apalapsili,Wiralesili,99084
Apalapsili,Holuogalma,99084
Apalapsili,Falukwalilo,99084
Abenaho,Abenaho,99085
Abenaho,Wambalfak,99085
Abenaho,Landikma,99085
Abenaho,Dombomi,99085
Abenaho,Dosumo,99085
Abenaho,Wambo,99085
Abenaho,Sombule,99085
Abenaho,Hubliki,99085
Abenaho,Hulikma,99085
Abenaho,Sebi,99085
Abenaho,Suminaikma,99085
Abenaho,Ulun,99085
Abenaho,Fuahe,99085
Abenaho,Wutlarin,99085
Abenaho,Kolaima,99085
Abenaho,Wanggibo,99085
Abenaho,Walagima,99085
Abenaho,Tagabaga,99085
Abenaho,Bohum,99085
Abenaho,Jinggiwi,99085
Abenaho,Hurualma,99085
Abenaho,Humalma,99085
Abenaho,Yahatma,99085
Abenaho,Sohombunu,99085
Abenaho,Bumbum,99085
Abenaho,Burim,99085
Abenaho,Dahonaikma,99085
Abenaho,Musanahikma,99085
Abenaho,Abagima,99085
Abenaho,Waghasilimo,99085
Abenaho,Wileroma,99085
Abenaho,Obabin,99085
Abenaho,Babin,99085
Abenaho,Elesim,99085
Abenaho,Wanwal,99085
Abenaho,Sabilironggo,99085
Abenaho,Yanamik,99085
Abenaho,Lakongkong,99085
Abenaho,Helaksili,99085
Abenaho,Bukurik,99085
Abenaho,Kewi,99085
Abenaho,Yambaikma,99085
Abenaho,Hubualma,99085
Abenaho,Yuktanggo,99085
Abenaho,Wambal,99085
Abenaho,Lilimuhuk,99085
Abenaho,Hulhule,99085
Abenaho,Mahiyal,99085
Abenaho,Alugi,99085
Abenaho,Sahikma,99085
Abenaho,Bonahik,99085
Abenaho,Eliyekma,99085
Abenaho,Yabusup,99085
Abenaho,Arikbalek,99085
Abenaho,Yawan,99085
Abenaho,Fuim,99085
Abenaho,Witlanggo,99085
Abenaho,Worowi,99085
Abenaho,Bonggi,99085
Abenaho,Wilak,99085
Abenaho,Wanggun,99085
Abenaho,Hombanma,99085
Abenaho,Yama,99085
Abenaho,Halifur,99085
Abenaho,Beim,99085
Abenaho,Ulusi,99085
Abenaho,Salo,99085
Abenaho,Moban,99085
Abenaho,Mulip,99085
Abenaho,Ulukhumi,99085
Abenaho,Halisek,99085
Abenaho,Lohomabel,99085
Abenaho,Kule,99085
Abenaho,Kandibung,99085
Abenaho,Gefido,99085
Abenaho,Sapiwarek,99085
Abenaho,Fialem,99085
Abenaho,Horakia,99085
Abenaho,Suahe,99085
Abenaho,Uluhufuk,99085
Abenaho,Waroham,99085
Abenaho,Sohi,99085
Abenaho,Akris,99085
Abenaho,Pirikalem,99085
Abenaho,Sumbul,99085
Abenaho,Hundilip,99085
Abenaho,Amuki,99085
Abenaho,Wamhor,99085
Abenaho,Kesuwi,99085
Abenaho,Pamumu,99085
Abenaho,Wafuhuk,99085
Abenaho,Lilluikma,99085
Abenaho,Noholuok,99085
Abenaho,Wanam,99085
Abenaho,Nenomani,99085
Abenaho,Wilofing,99085
Abenaho,Salohe,99085
Abenaho,Dama,99085
Abenaho,Kelesu,99085
Abenaho,Kaboholik,99085
Abenaho,Horenikma,99085
Abenaho,Lasikma,99085
Abenaho,Suele,99085
Abenaho,Heahobak,99085
Abenaho,Maleo,99085
Abenaho,Usabiye,99085
Abenaho,Wiwulik,99085
Abenaho,Somohi,99085
Benawa,Gilika,99081
Benawa,Trikora,99081
Benawa,Ampera,99081
Benawa,Pepera,99081
Benawa,Naira,99081
Benawa,Siwa,99081
Benawa,Tiwayi,99081
Benawa,Kutakuruk,99081
Benawa,Narau,99081
Benawa,Neigase,99081
Benawa,Martaru,99081
Benawa,Himi,99081
Benawa,Nungkere,99081
Benawa,Puruku,99081
Benawa,Paluke,99081
Benawa,Lulum,99081
Benawa,Pensale,99081
Benawa,Iyap,99081
Benawa,Wibi,99081
Benawa,Konobun,99081
Benawa,Wirsa,99081
Benawa,Karamina,99081
Benawa,Dukunasi,99081
Benawa,Thamaksin,99081
Benawa,Kamika,99081
Benawa,Uramburu,99081
Benawa,Kapawa,99081
Benawa,Miyawi,99081
Benawa,Yakwa,99081
Benawa,Wermas,99081
Benawa,Makrip,99081
Benawa,Ikon,99081
Benawa,Key,99081
Benawa,Lawe,99081
Benawa,Kukdomol,99081
Benawa,Nihol,99081
Benawa,Nuorok,99081
Welarek,Welarek,99083
Welarek,Werenggik,99083
Welarek,Saly,99083
Welarek,Mabualem,99083
Welarek,Pisanggo,99083
Welarek,Welarekpunu,99083
Welarek,Hindalimuhuk,99083
Welarek,Menepini,99083
Welarek,Soharam,99083
Welarek,Kampol,99083
Welarek,Tahamak,99083
Welarek,Punui,99083
Welarek,Sakam,99083
Welarek,Sinahal,99083
Welarek,Samaria,99083
Welarek,Hamboik,99083
Welarek,Mohobiye,99083
Welarek,Halialo,99083
Welarek,Walingkapma,99083
Welarek,Kayalem,99083
Welarek,Seherek,99083
Welarek,Halisek,99083
Welarek,Wompoli,99083
Welarek,Fikfak,99083
Welarek,Mohonu,99083
Welarek,Pikohofari,99083
Welarek,Feingkama,99083
Welarek,Holowi,99083
Welarek,Poik,99083
Welarek,Koum,99083
Welarek,Hobut,99083
Welarek,Mondek,99083
Welarek,Mamion,99083
Welarek,Selek,99083
Welarek,Ambiliki,99083
Welarek,Ubalihi,99083
Welarek,Salema,99485
Welarek,Selebi,99083
Welarek,Langam,99083
Welarek,Pami,99083
Welarek,Pirang,99083
Welarek,Poholanggen,99083
Welarek,Nangkulamulan,99083
Welarek,Irarek,99083
Welarek,Ampolongsili,99083
Welarek,Sumtan,99083
Welarek,Ulum,99083
Welarek,Kayo,99083
Welarek,Panal,99083
Welarek,Hilariki,99083
Welarek,Tinmuhuk,99083
Welarek,Yahamer,99083
Welarek,Helebol,99083
Welarek,Silfal,99083
Welarek,Sukalimi,99083
Welarek,Nohonil,99083
Welarek,Lasik,99083
Welarek,Panalulun,99083
Welarek,Wasupahik,99083
Welarek,Folongsili,99083
Welarek,Amuluk,99083
Tiom,Bokon,99593
Tiom,Oyi,99531
Tiom,Gurika,99593
Tiom,Olume,99531
Tiom,Dura,99531
Tiom,Langgalo,99531
Tiom,Kuapur,99531
Tiom,Wadinalome,99531
Tiom,Yilondum,99531
Tiom,Palunggame,99593
Tiom,Ginime,99593
Pirime,Umbanume,99537
Pirime,Wenam,99581
Pirime,Yalipak,99537
Pirime,Ekanom,99537
Pirime,Yugumbinik,99537
Pirime,Amberingime,99537
Pirime,Aniwo,99537
Pirime,Bugumbak,99581
Makki,Kemiri,99565
Makki,Mamiri,99535
Makki,Kotorambur,99535
Makki,Yorenime,99535
Makki,Waganenga,99535
Makki,Gembilani,99535
Makki,Nambume,99535
Makki,Tengenawi,99535
Gamelia,Gamelia,99566
Gamelia,Pirawun,99536
Gamelia,Wupi,99536
Gamelia,Gawiwarak,99536
Gamelia,Meyagale,99536
Gamelia,Wulaipas,99536
Gamelia,Gunagewak,99536
Gamelia,Wunume,99536
Dimba,Dimba,99575
Dimba,Yugwa,99532
Dimba,Magegobak,99532
Dimba,Nongopnage,99532
Dimba,Wengenambur,99532
Dimba,Wawiragi,99575
Dimba,Mewilangun,99532
Dimba,Talibarenak,99575
Melagineri,Malagai,99589
Melagineri,Oka,99533
Melagineri,Bagi,99589
Melagineri,Ganume,99533
Melagineri,Binilani,99589
Melagineri,Gumban,99589
Melagineri,Lowanom,99589
Melagineri,Nambu,99589
Balingga,Tima,99534
Balingga,Balime,99534
Balingga,Balingga,99534
Balingga,Gume,99534
Balingga,Timonikime,99534
Balingga,Binolanggen,99583
Balingga,Dewaka,99583
Balingga,Yialo,99583
Balingga,Towewak,99534
Balingga,Yumaneri,99583
Tiomneri,Kuwobaga,99595
Tiomneri,Milinggame,99595
Tiomneri,Arigineri,99538
Tiomneri,Muleme,99538
Tiomneri,Arungwi,99595
Tiomneri,Ponuma,99538
Tiomneri,Gubulela,99538
Tiomneri,Kolari,99538
Tiomneri,Gumbo,99538
Kuyawage,Kuyawage,99587
Kuyawage,Wupaga,99539
Kuyawage,Luarem,99539
Kuyawage,Tumbupur,99539
Kuyawage,Uwome,99587
Kuyawage,Tunikele,99539
Kuyawage,Peko,99539
Kuyawage,Yugunomba,99587
Poga,Megalunik,99570
Poga,Lugobak,99570
Poga,Kanikbukme,99570
Poga,Poga,99536
Poga,Bigipaga,99536
Poga,Luneri,99570
Poga,Binipaga,99570
Poga,Mugime,99536
Poga,Brigme,99536
Poga,Unikme,99536
Poga,Binompaga,99570
Poga,Lugwa,99570
Poga,Guaneri,99570
Niname,Dugume,99591
Niname,Wulundia,99591
Niname,Dapogi,99591
Niname,Kulumburu,99591
Niname,Molobok,99591
Niname,Tugunakwi,99591
Niname,Yanuru,99591
Nogi,Yirene,99592
Nogi,Yogobak,99592
Nogi,Kwenukwi,99592
Nogi,Libungga,99592
Nogi,Unom,99592
Nogi,Wimolome,99592
Nogi,Weneogun,99592
Nogi,Berangwi,99592
Yiginua,Tepogi,99598
Yiginua,Ninabua,99598
Yiginua,Golikme,99598
Yiginua,Ninengwa,99598
Yiginua,Weri,99598
Yiginua,Gumagame,99598
Yiginua,Abua,99598
Tiom Ollo,Kumuluk,99594
Tiom Ollo,Giari,99594
Tiom Ollo,Bonanip,99594
Tiom Ollo,Kukepake,99594
Tiom Ollo,Wayuleme,99594
Tiom Ollo,Bogomanum,99594
Tiom Ollo,Pindoak,99594
Tiom Ollo,Kotorambur,99594
Tiom Ollo,Numbo,99594
Tiom Ollo,Lambui,99594
Yugungwi,Konikme,99599
Yugungwi,Giwan,99599
Yugungwi,Lugom,99599
Yugungwi,Mabume,99599
Yugungwi,Wandoak,99599
Yugungwi,Bogun Kunik,99599
Yugungwi,Urgelo,99599
Yugungwi,Omapaga,99599
Yugungwi,Gimili Alome,99599
Mokoni,Guninggame,99590
Mokoni,Mokoni,99590
Mokoni,Popome,99590
Mokoni,Wakumalo,99590
Mokoni,Bigipura,99590
Mokoni,Yanggelome,99590
Mokoni,Wuyumbur,99590
Mokoni,Kondename,99590
Mokoni,Bumalome,99590
Wereka,Tabukeker,99597
Wereka,Ponalo,99597
Wereka,Timi,99597
Wereka,Wuragi,99597
Wereka,Tiwa,99597
Wereka,Dingun,99597
Wereka,Lura Marah,99597
Wereka,Pelek,99597
Wereka,Beyongwi,99597
Milimbo,Milimbo,99579
Milimbo,Takobak,99579
Milimbo,Kugame,99579
Milimbo,Wamindik,99579
Milimbo,Kidoni,99579
Milimbo,Jinok,99579
Milimbo,Wewolome,99579
Milimbo,Umbename,99579
Wiringgambut,Yiwili,99582
Wiringgambut,Golo,99582
Wiringgambut,Golomi,99582
Wiringgambut,Yugumobur,99582
Wiringgambut,Milidi,99582
Wiringgambut,Uniwani,99582
Wiringgambut,Wiringgambut,99582
Wiringgambut,Wuluwebur,99582
Wiringgambut,Kiludo,99582
Wiringgambut,Giruwi,99582
Gollo,Golopura,99576
Gollo,Wirini,99576
Gollo,Nileme,99576
Gollo,Libome,99576
Gollo,Kulia,99576
Gollo,Yamiga,99576
Gollo,Gubugame,99576
Gollo,Kamenak,99576
Gollo,Perime,99576
Gollo,Wadinawi,99576
Gollo,Nengguga,99576
Awina,Nambume,99572
Awina,Indawa,99572
Awina,Eyuni,99572
Awina,Yugumia,99572
Awina,Dolinggame,99572
Awina,Tinggira,99572
Awina,Wumuak,99572
Awina,Andiaput,99572
Awina,Wuragabur,99572
Ayumnati,Anitila,99573
Ayumnati,Nanim,99573
Ayumnati,Lubutini,99573
Ayumnati,Tikome,99573
Ayumnati,Tikoyowa,99534
Ayumnati,Bogogunik,99573
Ayumnati,Wanggunom,99573
Ayumnati,Nindonak,99573
Ayumnati,Luagame,99573
Wano Barat,Wamiru,99596
Wano Barat,Dugu-dugu,99596
Wano Barat,Andugume,99596
Wano Barat,Tinime,99596
Wano Barat,Mume,99596
Wano Barat,Nenggeya,99596
Wano Barat,Tenawi,99596
Wano Barat,Kobanu,99596
Wano Barat,Piragi,99596
Wano Barat,Nabei,99596
Wano Barat,Mingga,99596
Goa Balim,Wamitu,99586
Goa Balim,Balimneri,99586
Goa Balim,Timotani,99586
Goa Balim,Kungganeri,99586
Goa Balim,Gwilonik,99586
Goa Balim,Ilim,99586
Goa Balim,Dinuwi,99586
Bruwa,Bruyugu,99585
Bruwa,Wame,99585
Bruwa,Ogodome,99585
Bruwa,Ekaba,99585
Bruwa,Longgapur,99585
Bruwa,Tikuluk,99585
Bruwa,Birik,99585
Bruwa,Yalogu,99585
Bruwa,Wumbugi,99585
Balingga Barat,Tinggipura,99584
Balingga Barat,Yeyugu,99584
Balingga Barat,Yugume,99584
Balingga Barat,Baliempura,99584
Balingga Barat,Denomagi,99584
Balingga Barat,Magame,99584
Balingga Barat,Lorea,99584
Balingga Barat,Anggumabume,99584
Gupura,Lelam,99562
Gupura,Teiko,99562
Gupura,Yaneko,99562
Gupura,Kimbo,99562
Gupura,Penggima,99562
Gupura,Magelo,99562
Gupura,Onesia,99562
Gupura,Wapur,99562
Gupura,Andeyok,99562
Gupura,Kibingga,99562
Gupura,Ogobakni,99562
Gupura,Jilam,99562
Kolawa,Ambena,99563
Kolawa,Kolayak,99563
Kolawa,Wanuga,99563
Kolawa,Labora,99563
Kolawa,Kondena,99563
Kolawa,Kolunggu,99563
Kolawa,Yagarikme,99563
Kolawa,Timotius,99563
Kolawa,Gunumbur,99563
Kolawa,Lalugume,99563
Gelok Beam,Pirambor,99561
Gelok Beam,Gondura,99561
Gelok Beam,Juta,99561
Gelok Beam,Tigima,99561
Gelok Beam,Gelok,99561
Gelok Beam,Murtani,99561
Gelok Beam,Beam,99561
Gelok Beam,Wanggu,99561
Gelok Beam,Kulip,99561
Kuly Lanny,Indugu,99564
Kuly Lanny,Guburini,99564
Kuly Lanny,Jiwikelanny,99564
Kuly Lanny,Nisimok,99564
Kuly Lanny,Yugume,99564
Kuly Lanny,Piname,99564
Kuly Lanny,Londu,99564
Kuly Lanny,Kagaluwi,99564
Lannyna,Bonom,99578
Lannyna,Kuwanom,99578
Lannyna,Kumulume,99578
Lannyna,Uwagambur,99578
Lannyna,Lagame,99578
Lannyna,Kuwoge,99578
Lannyna,Laurapaga,99578
Lannyna,Bawi,99578
Lannyna,Yugimbo,99578
Lannyna,Tinggini,99578
Lannyna,Ogin,99578
Karu,Ayafofa,99568
Karu,Salemo,99568
Karu,Yudani,99568
Karu,Towoluk,99568
Karu,Tunume,99568
Karu,Delegari,99568
Karu,Igimbua,99568
Karu,Yilokdu,99568
Yiluk,Odika,99571
Yiluk,Yubumabur,99571
Yiluk,Ekapame,99571
Yiluk,Papani,99571
Yiluk,Kubagalo,99571
Yiluk,Jilekme,99571
Yiluk,Wanome,99571
Yiluk,Yiluweneri,99571
Guna,Guna,99567
Guna,Gukopi,99567
Guna,Kori,99567
Guna,Keyagalo,99567
Guna,Nondinime,99567
Guna,Wigume,99567
Guna,Piwugun,99567
Kelulome,Kelulome,99577
Kelulome,Wiyagi,99577
Kelulome,Talogi,99577
Kelulome,Wiringgame,99577
Kelulome,Wegenpura,99577
Kelulome,Ilunggijime,99577
Kelulome,Juyiga,99577
Kelulome,Peragime,99577
Kelulome,Muluneri,99577
Kelulome,Lewinagi,99577
Nikogwe,Wanggagome,99580
Nikogwe,Langgime,99580
Nikogwe,Wulawa,99580
Nikogwe,Pindalo,99580
Nikogwe,Kotorambur,99580
Nikogwe,Ambime,99580
Nikogwe,Wumbanakme,99580
Nikogwe,Yimiribaga,99580
Nikogwe,Elubaga,99580
Muara,Muara,99569
Muara,Lualo,99569
Muara,Abua,99569
Muara,Gikur,99569
Muara,Gipura,99569
Muara,Gulu,99569
Muara,Bogangi,99569
Muara,Golome,99569
Muara,Wiyapur,99569
Muara,Kuruguneri,99569
Buguk Gona,Kabiga,99574
Buguk Gona,Tekul,99574
Buguk Gona,Melendik,99574
Buguk Gona,Pirime,99574
Buguk Gona,Karunggame,99574
Buguk Gona,Ilunggime,99574
Buguk Gona,Timolome,99574
Buguk Gona,Wunime,99574
Buguk Gona,Genena,99574
Buguk Gona,Kulogonggame,99574
Buguk Gona,Kelonome,99574
Buguk Gona,Dua Lanny,99574
Buguk Gona,Dangguni,99574
Melagi,Wabiragi,99588
Melagi,Yigemili,99588
Melagi,Gilo,99588
Melagi,Kewagi,99588
Melagi,Nombome,99588
Melagi,Numbokawi,99588
Melagi,Mbu,99588
Melagi,Wunabunggu,99588
Kenyam,Kenyam,99922
Kenyam,Kemali,99541
Kenyam,Sralala,99541
Kenyam,Delpel,99541
Kenyam,Yike,99541
Kenyam,Yunat,99541
Kenyam,Dim,99541
Kenyam,Ulunmu,99922
Kenyam,Bombam,99541
Mapenduma,Mapenduma,99909
Mapenduma,Duma,99542
Mapenduma,Yoe,99542
Mapenduma,Palsam,99542
Mapenduma,Endumu,99909
Mapenduma,Litkui,99909
Mapenduma,Nowomlusu,99909
Mapenduma,Kelapa Dua,99909
Mapenduma,Dumdum,99909
Mapenduma,Lunggadumu,99909
Yigi,Yigi,99919
Yigi,Ekilapo,99543
Yigi,Suwenem,99543
Yigi,Karunggame,99919
Yigi,Sirit,99543
Yigi,Disendobo,99543
Yigi,Sumbo,99543
Yigi,Yebadolma,99543
Yigi,Lumbukdumu,99919
Yigi,Wiritlak,99919
Yigi,Delsa,99919
Yigi,Borot,99919
Wosak,Pilini,99544
Wosak,Ndugwa,99544
Wosak,Biala,99929
Wosak,Bambisik,99929
Wosak,Sitpogol,99544
Geselma,Geselma,99903
Geselma,Talem,99545
Geselma,Kosolpem,99545
Mugi,Mugi,99913
Mugi,Dondoklema,99546
Mugi,Dobopem,99546
Mugi,Paru,99546
Mugi,Wundui,99913
Mugi,Kemamburu,99913
Mugi,Womsit,99913
Mugi,Delit,99913
Mugi,Keret Anggoma,99913
Mugi,Manet,99913
Mugi,Miri,99913
Mugi,Yelsengge,99913
Mugi,Sarit,99913
Mugi,Unue,99913
Mugi,Mirikil,99913
Mugi,Sambua,99546
Mugi,Gisarok,99546
Mugi,Isiklak,99546
Mbuwa,Mbuwa,99910
Mbuwa,Otalama,99547
Mbuwa,Arugia,99547
Mbuwa,Opmu,99547
Mbuwa,Digilimu,99910
Mbuwa,Kogomaru,99910
Gearek,Tribid,99921
Gearek,Gearek,99548
Gearek,Kibid,99921
Gearek,Weneworarosa,99548
Gearek,Gebem,99548
Gearek,Bomegi,99921
Gearek,Gilingga,99921
Koroptak,Kroptak,99908
Koroptak,Miniem,99908
Koroptak,Golparek,99908
Koroptak,Pesat,99908
Koroptak,Komoroam,99908
Koroptak,Gol,99908
Kegayem,Gilpid,99906
Kegayem,Wipdumu,99906
Kegayem,Bambi,99906
Kegayem,Osama,99906
Kegayem,Kagayem,99906
Kegayem,Ininkwaning,99906
Kegayem,Kumbuklema,99906
Kegayem,Sigimbut,99906
Kegayem,Sanwaruk,99906
Kegayem,Kusit,99906
Kegayem,Kumbun,99906
Kegayem,Peya-Peya,99906
Kegayem,Narugu,99906
Paro,Paro,99916
Paro,Lombrik,99916
Paro,Animarem,99916
Paro,Tawelma,99916
Paro,Loaraba,99916
Mebarok,Meborok,99912
Mebarok,Yuguru,99912
Mebarok,Lemurak,99912
Mebarok,Setmit,99912
Mebarok,Aptam,99912
Mebarok,Ngenamba,99912
Mebarok,Narugum,99912
Mebarok,Eregenmanggal,99912
Mebarok,Talpam,99912
Mebarok,Siginimarem,99912
Mebarok,Bone,99912
Mebarok,Olunmu,99912
Mebarok,Sabiem,99912
Mebarok,Pereki,99912
Yenggelo,Yenggelo,99918
Yenggelo,Maima,99918
Yenggelo,Nolo,99918
Yenggelo,Wuarem,99918
Kilmid,Gemam,99907
Kilmid,Puruwa,99907
Kilmid,Yutpul,99907
Kilmid,Kilmid,99907
Alama,Alama,99901
Alama,Nolit,99901
Alama,Gin,99901
Alama,Kulesa,99901
Yal,Yal,99942
Yal,Yimogi,99942
Yal,Gimi,99942
Yal,Mugiarem,99942
Yal,Palpam,99942
Yal,Samba,99942
Yal,Sitdobo,99942
Yal,Diringgama,99942
Yal,Dangenpem,99942
Yal,Undo,99942
Yal,Betbere,99942
Yal,Muruldumu,99942
Yal,Yaba,99942
Yal,Dengpa,99942
Yal,Girimnak,99942
Yal,Lambule,99942
Yal,Sujomdobo,99942
Yal,Suelama,99942
Yal,Gularem,99942
Yal,Biledumu,99942
Mam,Mam,99941
Mam,Pukle,99941
Mam,Wolmbam,99941
Mam,Wanduama,99941
Mam,Yibi,99941
Mam,Lakda,99941
Mam,Yebandui,99941
Mam,Laruid,99941
Mam,Dendamba,99941
Mam,Kibiaren,99941
Mam,Paruarem,99941
Mam,Kibo,99941
Mam,Putdumu,99941
Mam,Darakma,99941
Dal,Dal,99902
Dal,Silan,99902
Dal,Gurumbe,99902
Dal,Kaboneri,99902
Dal,Silankuru,99902
Dal,Grinbun,99902
Nirkuri,Nirkuri,99915
Nirkuri,Binime,99915
Nirkuri,Uenoma,99915
Nirkuri,Pasebem,99915
Nirkuri,Sigmie,99915
Nirkuri,Nirigimbirik,99915
Nirkuri,Oldobo,99915
Nirkuri,Likubuk,99915
Nirkuri,Kokujondumu,99915
Nirkuri,Kurigi,99915
Inikgal,Biripem,99904
Inikgal,Dakbri,99904
Inikgal,Abualak,99904
Inikgal,Urugom,99904
Inikgal,Area,99904
Inikgal,Wumaga,99904
Inikgal,Gulama,99904
Inikgal,Kigam,99904
Iniye,Iniye,99905
Iniye,Baklema,99905
Iniye,Kibendumu,99905
Iniye,Simiye,99905
Iniye,Embuklem,99905
Iniye,Kosobak,99905
Mbulmu Yalma,Uburu,99911
Mbulmu Yalma,Kabolilangen,99911
Mbulmu Yalma,Kolma,99911
Mbulmu Yalma,Brambel,99911
Mbulmu Yalma,Kiabypma,99911
Mbulmu Yalma,Kibisim,99911
Mbulmu Yalma,Labrik,99911
Mbua Tengah,Paris,99925
Mbua Tengah,Simie,99925
Mbua Tengah,Urugi,99925
Mbua Tengah,Pirim-Pirim,99925
Mbua Tengah,Tombisik,99925
Mbua Tengah,Yepma,99925
Mbua Tengah,Sokore,99925
Mbua Tengah,Tobonggom,99925
Mbua Tengah,Rapa,99925
Embetpen,Wendama,99920
Embetpen,Embetpem,99920
Embetpen,Yenai,99920
Embetpen,Digilimu,99920
Embetpen,Bisikimu,99920
Kora,Kora,99923
Kora,Nanggoal,99923
Kora,Wenam,99923
Kora,Wilimi,99923
Kora,Brutnai,99923
Wusi,Wusi,99930
Wusi,Ginigit,99930
Wusi,Pijemae,99930
Wusi,Gimigip,99930
Pija,Nganai,99928
Pija,Pija,99928
Pija,Sitgama,99928
Pija,Siat,99928
Pija,Murupbaye,99928
Moba,Moba,99926
Moba,Gunea,99926
Moba,Kwegono,99926
Moba,Langpang,99926
Moba,Yeretma,99926
Moba,Anggulpa,99926
Moba,Moba Dua,99926
Moba,Pijama,99926
Wutpaga,Muli,99917
Wutpaga,Tinigele,99917
Wutpaga,Wuone,99917
Wutpaga,Luaren,99917
Wutpaga,Wangun,99917
Wutpaga,Wutpaga,99917
Nenggeagin,Neggea,99914
Nenggeagin,Wulagumi,99914
Nenggeagin,Kombama,99914
Nenggeagin,Wenggenambut,99914
Nenggeagin,Nenggeagin,99914
Krepkuri,Krepkuri,99924
Krepkuri,Alguru,99924
Krepkuri,Sagapusatu,99924
Krepkuri,Mumugu,99924
Krepkuri,Ginid,99924
Krepkuri,Banggabeak,99924
Pasir Putih,Mandala,99927
Pasir Putih,Trim,99927
Pasir Putih,Benggem,99927
Pasir Putih,Pasir Putih,99927
Makbon,Makbon,98445
Makbon,Asbaken,98445
Makbon,Malaumkarta,98445
Makbon,Batu Lubang,98445
Makbon,Batu Lubang Pantai,98445
Makbon,Kwadas,98445
Makbon,Bainkete,98445
Makbon,Teluk Dore,98445
Makbon,Sawatuk,98445
Makbon,Malagasih,98445
Makbon,Klasimigik,98445
Makbon,Klasigi,98445
Makbon,Klagulus,98445
Makbon,Suatolo,98445
Makbon,Mibi,98445
Beraur,Klabra,98441
Beraur,Wanurian,98441
Beraur,Klarion,98441
Beraur,Kaas,98441
Beraur,Wensi,98441
Beraur,Mumpi,98441
Beraur,Klamak,98441
Beraur,Serselion,98441
Beraur,Kmafo,98441
Beraur,Midlal,98441
Beraur,Sorain,98441
Beraur,Armoin,98441
Beraur,Serselion Baru,98441
Salawati,Katinim,98433
Salawati,Majener,98433
Salawati,Majaran,98433
Salawati,Matawolot,98433
Salawati,Walal,98433
Salawati,Malaus,98433
Salawati,Rawa Sugi,98433
Seget,Seget,98437
Seget,Malabam,98437
Seget,Pulau Kasim,98437
Seget,Kasimle,98437
Seget,Wewenagu,98437
Seget,Wasingsan,98437
Seget,Klayas,98437
Seget,Wayenkede,98437
Seget,Mobi,98437
Aimas,Aimas,98431
Aimas,Malawili,98431
Aimas,Malawele,98431
Aimas,Mariat Pantai,98431
Aimas,Mariat Gunung,98431
Aimas,Warmon,98431
Aimas,Klabinain,98431
Aimas,Malasom,98431
Aimas,Klaigit,98431
Aimas,Malagusa,98431
Aimas,Klafma,98431
Aimas,Maibo,98431
Aimas,Aimo,98431
Aimas,Malasaum,98431
Klamono,Klawana,98439
Klamono,Klamono,98439
Klamono,Wariyau,98439
Klamono,Klalomon,98439
Klamono,Wonosari,98439
Klamono,Gisim Darat,98439
Klamono,Mlais,98439
Klamono,Malasmiliy,98439
Klamono,Klasafet,98439
Klamono,Posa,98439
Sayosa,Sayosa,98444
Sayosa,Maladofok,98444
Sayosa,Yorbes,98444
Sayosa,Samusa,98444
Sayosa,Klamintu,98444
Sayosa,Klain,98444
Segun,Segun,98438
Segun,Gisim,98438
Segun,Waimon,98438
Segun,Klasegun,98438
Segun,Waimlabat,98438
Segun,Majemau,98438
Segun,Klasin,98438
Segun,Klajaring,98438
Segun,Malamas,98438
Mayamuk,Makbusun,98434
Mayamuk,Makbalim,98434
Mayamuk,Makotyamsa,98434
Mayamuk,Jeflio,98434
Mayamuk,Arar,98434
Mayamuk,Klain,98434
Mayamuk,Klasmelek,98434
Mayamuk,Wen,98434
Mayamuk,Warmon Kokoda,98434
Mayamuk,Asjidba,98434
Mayamuk,Malamay,98434
Salawati Selatan,Sailolof,98436
Salawati Selatan,Kotlol,98436
Salawati Selatan,Dulbatan,98436
Salawati Selatan,Manoket,98436
Salawati Selatan,Payapop,98436
Salawati Selatan,Masmapop,98436
Klabot,Indiwi,98442
Klabot,Klabot,98442
Klabot,Mlat,98442
Klabot,Mlawes,98442
Klabot,Mlasfa,98442
Klabot,Kanolo,98442
Klabot,Somir,98442
Klabot,Warkti,98442
Klawak,Wilty,98443
Klawak,Mlawen,98443
Klawak,Byoklokfle,98443
Klawak,Tbotjin,98443
Klawak,Sas,98443
Klawak,Samolslo,98443
Klawak,Kmasen,98443
Klawak,Klasawon,98443
Klawak,Yurkaden,98443
Klawak,Betwaf,98443
Klawak,Cokhif,98443
Maudus,Luwelala,98448
Maudus,Klatim,98448
Maudus,Klaos,98448
Maudus,Suluh,98448
Maudus,Bousui,98448
Maudus,Kamuyar,98448
Maudus,Klaka,98448
Maudus,Safdesa,98448
Maudus,Klagen,98448
Mariat,Klamalu,98432
Mariat,Mariyai,98432
Mariat,Klasuluk,98432
Mariat,Klamasen,98432
Mariat,Maklalut,98432
Mariat,Klaru,98432
Mariat,Jamaimo,98432
Mariat,Klaben,98432
Mariat,Klasan,98432
Mariat,Fafi,98432
Mariat,Kasih,98432
Klayili,Klayili,98446
Klayili,Klawuluh,98446
Klayili,Malakobutu,98446
Klayili,Kwakeik,98446
Klayili,Klasowoh,98446
Klayili,Malalilis,98446
Klayili,Mlawer,98446
Klayili,Klatomok,98446
Klaso,Siwis,98449
Klaso,Miskum,98449
Klaso,Klamugun,98449
Klaso,Sbaga,98449
Klaso,Klalik,98449
Klaso,Malawhili,98449
Klaso,Klasou,98449
Moisegen,Klafdalim,98435
Moisegen,Klaforo,98435
Moisegen,Klasof,98435
Moisegen,Ninjimur,98435
Moisegen,Klasari,98435
Moisegen,Klawoton,98435
Moisegen,Wonosobo,98435
Moisegen,Sakamerin,98435
Moisegen,Masmili,98435
Sorong,Maibo,98446
Sorong,Malaflon,98446
Sorong,Kabanmolo,98446
Sorong,Kagiwala,98446
Bagun,Disfra,98441
Bagun,Bagun,98441
Bagun,Klawom,98441
Bagun,Klamomis,98441
Bagun,Klakwonrit,98441
Bagun,Mode,98441
Bagun,Bratmawe,98441
Bagun,Klawon,98441
Bagun,Mlamli,98441
Wemak,Saluk,98444
Wemak,Klawaren,98444
Wemak,Woloin,98444
Wemak,Klalin Mos,98444
Wemak,Kwari,98444
Wemak,Kamlin,98444
Sunook,Dasri,98448
Sunook,Masos,98448
Sunook,Ketawas,98448
Sunook,Warbo,98448
Sunook,Suus,98448
Sunook,Sulya,98448
Sunook,Bouwoi,98448
Buk,Buk,98442
Buk,Mlakhan,98442
Buk,Klais,98442
Buk,Mimpe,98442
Buk,Tiklen,98442
Buk,Klahen,98442
Buk,Moos,98442
Saengkeduk,Saengkeduk,98449
Saengkeduk,Selekobo,98449
Saengkeduk,Suye,98449
Saengkeduk,Klamede,98449
Saengkeduk,Sambatie,98449
Saengkeduk,Klagele,98449
Malabotom,Malasigit,98439
Malabotom,Klagulu,98439
Malabotom,Klamugun,98439
Malabotom,Malajapa,98439
Malabotom,Klasman,98439
Malabotom,Malamoja,98439
Malabotom,Magatarum,98439
Malabotom,Tanah Tinggi,98439
Malabotom,Marik May,98439
Konhir,Tarsa,98438
Konhir,Klamne,98438
Konhir,Wisbiak,98438
Konhir,Klafyo,98438
Konhir,Mlasiwor,98438
Konhir,Klafelem,98438
Konhir,Klaflum,98438
Konhir,Klarin,98438
Konhir,Mlaron,98438
Klasafet,Maladuk,98442
Klasafet,Klamono Olie,98442
Klasafet,Barros,98442
Klasafet,Pusu Tiligum,98442
Klasafet,Klawilibe,98442
Hobard,Hobard,98443
Hobard,Brianlo,98443
Hobard,Floyi,98443
Hobard,Klazelt,98443
Hobard,Sfadon,98443
Hobard,Selol,98443
Hobard,Dais,98443
Salawati Tengah,Waliam,98436
Salawati Tengah,Manfanim,98436
Salawati Tengah,Waibin,98436
Salawati Tengah,Waiman,98436
Salawati Tengah,Sakapul,98436
Salawati Tengah,Maralol,98436
Salawati Tengah,Batbiro,98436
Salawati Tengah,Duriankari,98436
Salawati Tengah,Meyaup,98436
Salawati Tengah,Sailen,98436
Botain,Klafluk,98433
Botain,Mamsit,98433
Botain,Sabake,98433
Botain,Klayastani,98433
Botain,Botain,98433
Sayosa Timur,Sailala,98444
Sayosa Timur,Klawana,98444
Sayosa Timur,Kladuk,98444
Sayosa Timur,Klawon,98444
Sayosa Timur,Klakak,98444
Sayosa Timur,Klalwok,98444
Teminabuan,Kaibus,98454
Teminabuan,Kohoin,98454
Teminabuan,Wersar,98454
Teminabuan,Wehali,98454
Teminabuan,Aibobor,98454
Teminabuan,Wermit,98454
Teminabuan,Keyen,98454
Teminabuan,Siribau,98454
Teminabuan,Magis,98454
Teminabuan,Tegirolo,98454
Teminabuan,Wernas,98454
Teminabuan,Tapiri,98454
Teminabuan,Gorolo,98454
Teminabuan,Nambro,98454
Teminabuan,Seyolo,98454
Teminabuan,Ani Sesna,98454
Inanwatan,Mate,98464
Inanwatan,Serkos,98464
Inanwatan,Solta Baru,98464
Inanwatan,Wadoi,98464
Inanwatan,Isogo,98464
Inanwatan,Sibae,98464
Inanwatan,Mogibi,98464
Inanwatan,Odeare,98464
Inanwatan,Siri-siri,98464
Sawiat,Sawiat,98456
Sawiat,Sasnek,98456
Sawiat,Elles,98456
Sawiat,Sodrofoyo,98456
Sawiat,Sfakyo,98456
Sawiat,Wensough,98456
Sawiat,Ween,98456
Sawiat,Wendi,98456
Kokoda,Tarof,98465
Kokoda,Negeri Besar,98465
Kokoda,Siwatori,98465
Kokoda,Kasuweri,98465
Kokoda,Migori,98465
Kokoda,Tambani,98465
Kokoda,Daubak,98465
Kokoda,Totona,98465
Kokoda,Nayakore,98465
Kokoda,Arbasina,98465
Kokoda,Birawaku,98465
Kokoda,Korewatara,98465
Kokoda,Tapas,98465
Kokoda,Topdan,98465
Kokoda,Migrito,98465
Kokoda,Daimar,98465
Moswaren,Moswaren,98461
Moswaren,Johsiro,98461
Moswaren,Hararo,98461
Moswaren,Bumi Ajo,98461
Moswaren,Hasik Jaya,98461
Moswaren,Kamisabe,98461
Moswaren,Tokass,98461
Seremuk,Haha,98451
Seremuk,Klaogin,98451
Seremuk,Tofot,98451
Seremuk,Sbir,98451
Seremuk,Srer,98451
Seremuk,Woloin,98451
Seremuk,Kamaro,98451
Seremuk,Kakas,98451
Wayer,Sungguer,98452
Wayer,Unggi,98452
Wayer,Boldon,98452
Wayer,Sesor,98452
Wayer,Waigo,98452
Wayer,Bagaraga,98452
Wayer,Wardik,98452
Wayer,Wayer,98452
Kais,Kais,98462
Kais,Tapuri,98462
Kais,Yahadian,98462
Kais,Benawa I,98462
Kais,Sumano,98462
Konda,Konda,98458
Konda,Wamargege,98458
Konda,Bariat,98458
Konda,Manelek,98458
Konda,Nagna,98458
Matemani,Mugim,98463
Matemani,Nusa,98463
Matemani,Saga,98463
Matemani,Puragi,98463
Matemani,Tawanggire,98463
Matemani,Bedare,98463
Kokoda Utara,Udagaga,98466
Kokoda Utara,Kayubiro,98466
Kokoda Utara,Adona,98466
Kokoda Utara,Benawa II,98466
Kokoda Utara,Atori,98466
Kokoda Utara,Kamundan Satu,98466
Kokoda Utara,Karirif,98466
Kokoda Utara,Bubuko,98466
Kokoda Utara,Kamundan Dua,98466
Saifi,Manggroholo,98453
Saifi,Komanggaret,98453
Saifi,Sayal,98453
Saifi,Kayabo,98453
Saifi,Sisir,98453
Saifi,Mlaswat,98453
Saifi,Kwowok,98453
Saifi,Sira,98453
Saifi,Kenaya,98453
Fokour,Pasir Putih,98457
Fokour,Wandum,98457
Fokour,Bemus,98457
Fokour,Welek,98457
Salkma,Wenslolo,98456
Salkma,Klamit,98456
Salkma,Mlabolo,98456
Salkma,Kofalit,98456
Salkma,Alma,98456
Kais Darat,Mukamat,98462
Kais Darat,Ikana,98462
Kais Darat,Haemaran,98462
Kais Darat,Siranggo,98462
Kais Darat,Mogatemin,98462
Kais Darat,Onimsefa,98462
Kais Darat,Makaroro,98462
Misool (Misool Utara),Waigama,98491
Misool (Misool Utara),Salafen,98491
Misool (Misool Utara),Aduwei,98491
Misool (Misool Utara),Atkari,98491
Misool (Misool Utara),Solal,98491
Waigeo Utara,Kabare,98481
Waigeo Utara,Andey,98481
Waigeo Utara,Asukweri,98481
Waigeo Utara,Bonsayor,98481
Waigeo Utara,Darumbab,98481
Waigeo Utara,Kalisade,98481
Waigeo Selatan,Saonek,98482
Waigeo Selatan,Saporkren,98482
Waigeo Selatan,Yenbeser,98482
Waigeo Selatan,Friwen,98482
Waigeo Selatan,Wawiyai,98482
Salawati Utara,Samate,98497
Salawati Utara,Kapatlap,98497
Salawati Utara,Jefman Barat,98497
Salawati Utara,Wamega,98497
Salawati Utara,Jefman Timur,98497
Salawati Utara,Waidim,98497
Ayau,Dorehkar,98488
Ayau,Yenkawir,98488
Ayau,Boiseran,98488
Ayau,Runi,98488
Ayau,Yenkanfan,98488
Misool Timur,Foley,98492
Misool Timur,Tomolol,98492
Misool Timur,Usaha Jaya,98492
Misool Timur,Limalas Timur,98492
Misool Timur,Audam,98492
Misool Timur,Limalas Barat,98492
Waigeo Barat,Selpele,98482
Waigeo Barat,Mutus,98482
Waigeo Barat,Bianci,98482
Waigeo Barat,Saleo,98482
Waigeo Barat,Waisilip,98482
Waigeo Timur,Puper,98481
Waigeo Timur,Yenbekaki,98481
Waigeo Timur,Urbinasopen,98481
Waigeo Timur,Yensner,98481
Teluk Mayalibit,Lopintol,98486
Teluk Mayalibit,Warsamdin,98486
Teluk Mayalibit,Mumes,98486
Teluk Mayalibit,Kalitoko,98486
Kofiau,Dibalal,98494
Kofiau,Tolobi,98494
Kofiau,Deer,98494
Kofiau,Mikiran,98494
Kofiau,Awat,98494
Meos Mansar,Yenbekwan,98485
Meos Mansar,Kapisawar,98485
Meos Mansar,Sawinggrai,98485
Meos Mansar,Yenwaupnor,98485
Meos Mansar,Arborek,98485
Meos Mansar,Yenbuba,98485
Meos Mansar,Kabuy,98485
Meos Mansar,Kurkapa,98485
Meos Mansar,Sauandarek,98485
Misool Selatan,Fafanlap,98492
Misool Selatan,Yellu,98492
Misool Selatan,Harapan Jaya,98492
Misool Selatan,Kareyepop,98492
Misool Selatan,Dabatan,98492
Warwarbomi,Warwanai,98487
Warwarbomi,Mnier,98487
Warwarbomi,Boni,98487
Warwarbomi,Warkori,98487
Waigeo Barat Kepulauan,Manyaifun,98485
Waigeo Barat Kepulauan,Miosmanggara,98485
Waigeo Barat Kepulauan,Pam,98485
Waigeo Barat Kepulauan,Saukabu,98485
Waigeo Barat Kepulauan,Gag,98485
Waigeo Barat Kepulauan,Saupapir,98485
Misool Barat,Lilinta,98491
Misool Barat,Gamta,98491
Misool Barat,Biga,98491
Misool Barat,Kapatcol,98491
Misool Barat,Magey,98491
Kepulauan Sembilan,Weijim Barat,98493
Kepulauan Sembilan,Weijim Timur,98493
Kepulauan Sembilan,Satokurano,98493
Kepulauan Sembilan,Pulau Tikus,98493
Kota Waisai,Waisai,98489
Kota Waisai,Sapordanco,98489
Kota Waisai,Bonkawir,98489
Kota Waisai,Warmasen,98489
Tiplol Mayalibit,Go,98486
Tiplol Mayalibit,Kabilol,98486
Tiplol Mayalibit,Arawai,98486
Tiplol Mayalibit,Beo,98486
Tiplol Mayalibit,Waifoi,98486
Tiplol Mayalibit,Warimak,98486
Batanta Utara,Yensawai Timur,98498
Batanta Utara,Yensawai Barat,98498
Batanta Utara,Arefi Timur,98498
Batanta Utara,Arefi Selatan,98498
Salawati Barat,Waibon,98497
Salawati Barat,Solol,98497
Salawati Barat,Kaliam,98497
Salawati Barat,Kalwal,98497
Salawati Tengah,Kalobo,98496
Salawati Tengah,Sakabu,98496
Salawati Tengah,Waibu,98496
Salawati Tengah,Waijan,98496
Salawati Tengah,Waimeci,98496
Salawati Tengah,Wailabu,98496
Salawati Tengah,Wailen,98496
Supnin,Rauki,98487
Supnin,Urai,98487
Supnin,Duber,98487
Supnin,Kapadiri,98487
Kepulauan Ayau,Abidon,98488
Kepulauan Ayau,Rutum,98488
Kepulauan Ayau,Reni,98488
Kepulauan Ayau,Meosbekwan,98488
Batanta Selatan,Yenanas,98498
Batanta Selatan,Amdui,98498
Batanta Selatan,Wailebet,98498
Batanta Selatan,Waiman,98498
Fef,Fef,98475
Fef,Wayo,98475
Fef,Syubun,98475
Fef,Sikor,98475
Fef,Ibe,98475
Fef,Syunam,98475
Fef,Banfot,98475
Fef,Iwin,98475
Fef,Esyum,98475
Fef,Imor,98475
Miyah,Siakwa,98476
Miyah,Aibogiar,98476
Miyah,Ayae,98476
Miyah,Ayawit,98476
Miyah,Aifair,98476
Yembun,Baun,98478
Yembun,Sumbekas,98478
Yembun,Metnayam,98478
Yembun,Metbelum,98478
Yembun,Salem,98478
Yembun,Metbesa,98478
Kwoor,Kwoor,98474
Kwoor,Hopmare,98474
Kwoor,Orwen,98474
Kwoor,Barar,98474
Kwoor,Esmambo,98474
Sausapor,Sausapor,98473
Sausapor,Emaos,98473
Sausapor,Jokte,98473
Sausapor,Uigwem,98473
Sausapor,Sungguwan,98473
Sausapor,Sau Uram,98473
Sausapor,Nanggou,98473
Sausapor,Bondek,98473
Sausapor,Bondonggwan,98473
Sausapor,Syurauw,98473
Abun,Wau,98477
Abun,Syukwo,98477
Abun,Waibem,98477
Abun,Weyaf,98477
Abun,Weprari,98477
Syujak,Syujak,98473
Syujak,Banso,98473
Syujak,Iof,98473
Syujak,Frafane,98473
Moraid,Mega,98447
Moraid,Selewok,98447
Moraid,Malaworsai,98447
Moraid,Kwade,98447
Moraid,Bonem,98447
Moraid,Warafor,98447
Moraid,Warmasi,98447
Moraid,Warmanen,98447
Moraid,Namuas,98447
Kebar,Injai,98372
Kebar,Apoki,98372
Kebar,Matatun,98372
Kebar,Jafai,98372
Kebar,Jambuani,98372
Kebar,Manaria,98372
Kebar,Anarum,98372
Kebar,Wasanggon,98372
Kebar,Wabanek,98372
Amberbaken,Saukorem,98371
Amberbaken,Wefiani,98371
Amberbaken,Wasarak,98371
Amberbaken,Binasi,98371
Amberbaken,Kabibwan,98371
Amberbaken,Binmaks,98371
Amberbaken,Manggapnut,98371
Amberbaken,Waramui,98371
Amberbaken,Warpaperi,98371
Senopi,Senopi,98374
Senopi,Arapi,98374
Senopi,Srurem,98374
Senopi,Sumo,98374
Senopi,Ifat Mitu,98374
Senopi,Povokek Ania,98374
Senopi,Thomas,98374
Senopi,Tintum Araw,98374
Senopi,Hobiah,98374
Mubrani,Arfu,98375
Mubrani,Bawey,98375
Mubrani,Wasnembri,98375
Mubrani,Waru,98375
Mubrani,Atori,98375
Mubrani,Meriambeker,98375
Mubrani,Warokon,98375
Mubrani,Arekon,98375
Mubrani,Bonpaya,98375
Mubrani,Marbuan,98375
Bikar,Werur,98473
Bikar,Bukit,98473
Bikar,Wertam,98473
Bikar,Werwaf,98473
Bikar,Werbes,98473
Bikar,Nombrak,98473
Bikar,Bikar,98473
Bikar,Syunai,98473
Bikar,Suyam,98473
Bikar,Wertim,98473
Bamusbama,Bamusbama,98473
Bamusbama,Bamuswaiman,98473
Bamusbama,Syarwom,98473
Bamusbama,Babak,98473
Bamusbama,Bano,98473
Bamusbama,Wormon,98473
Ases,Ases,98475
Ases,Asuon,98475
Ases,Safotiek,98475
Ases,Frasayoah,98475
Miyah Selatan,Mawor,98475
Miyah Selatan,Ruf,98475
Miyah Selatan,Ayamane,98475
Miyah Selatan,Whismer,98475
Miyah Selatan,Sahae,98475
Miyah Selatan,Hewi,98475
Miyah Selatan,Sisu,98475
Miyah Selatan,Ruvewes,98475
Miyah Selatan,Yabuow,98475
Ireres,Miri,98374
Ireres,Meis,98374
Ireres,Aifamas,98374
Ireres,Meinad,98374
Ireres,Atafrumek,98374
Ireres,Ifiam,98374
Ireres,Wufmana,98374
Tobouw,Syumbab,98474
Tobouw,Krisnos,98474
Tobouw,Syukwes,98474
Tobouw,Sunggak,98474
Tobouw,Wowom,98474
Tobouw,Resye,98474
Wilhem Roumbouts,Tabamsere,98473
Wilhem Roumbouts,Sayam,98473
Wilhem Roumbouts,Araf Mafat,98473
Wilhem Roumbouts,Esyuom,98473
Tinggouw,Tinggouw,98473
Tinggouw,Hohair,98473
Tinggouw,Ruriai,98473
Tinggouw,Soon,98473
Tinggouw,Ifatkan,98473
Kwesefo,Jokbujoker,98474
Kwesefo,Kranfotsu,98474
Kwesefo,Syuau,98474
Kwesefo,Kwesefo,98474
Kwesefo,Batdey,98474
Kwesefo,Syumbi,98474
Kwesefo,Bao,98474
Kwesefo,Donan,98474
Kwesefo,Dombron,98474
Mawabuan,Wausin,98374
Mawabuan,Asiti,98374
Mawabuan,Bisaud,98374
Mawabuan,Nisandauw,98374
Mawabuan,Afrawi,98374
Mawabuan,Ajokwapi,98374
Kebar Timur,Inam,98372
Kebar Timur,Jandurauw,98372
Kebar Timur,Inambuari,98372
Kebar Timur,Sitori,98372
Kebar Timur,Untorey,98372
Kebar Timur,Nabisai,98372
Kebar Timur,Arumi,98372
Kebar Timur,Karawi,98372
Kebar Timur,Arampak,98372
Kebar Timur,Barona,98372
Kebar Selatan,Nekori,98372
Kebar Selatan,Ajami,98372
Kebar Selatan,Aniti,98372
Kebar Selatan,Akari,98372
Kebar Selatan,Amnan,98372
Kebar Selatan,Atiki,98372
Kebar Selatan,Arwani,98372
Kebar Selatan,Aritowi,98372
Kebar Selatan,Umpay,98372
Kebar Selatan,Meiwar,98372
Manekar,Atai,98372
Manekar,Akmuri,98372
Manekar,Awori,98372
Manekar,Itafiti,98372
Manekar,Atunari,98372
Manekar,Ajami Waripi,98372
Manekar,Narai,98372
Manekar,Aranari,98372
Manekar,Waumi,98372
Manekar,Aneti,98372
Mpur,Arupi,98371
Mpur,Mangganek,98371
Mpur,Wajarek,98371
Mpur,Kali An,98371
Mpur,Araro,98371
Mpur,Wekari,98371
Mpur,Serayo,98371
Amberbaken Barat,Sasui,98371
Amberbaken Barat,Imbuan,98371
Amberbaken Barat,Manggaew,98371
Amberbaken Barat,Saurabon,98371
Amberbaken Barat,Wasawmontem,98371
Kasi,Meserikweda,98383
Kasi,Kasi Baru,98383
Kasi,Kasi Jaya,98383
Kasi,Meimorufof,98383
Kasi,Kasi Indah,98383
Kasi,Wacam,98383
Kasi,Irumfei,98383
Kasi,Pubuan,98383
Kasi,Ireji,98383
Kasi,Kasi Inom,98383
Kasi,Meycocforga,98383
Kasi,Meyomnar,98383
Selemkai,Della,98447
Selemkai,Malayauw,98447
Selemkai,Klasbon,98447
Selemkai,Klasei,98447
Selemkai,Klabili,98447
Aifat,Kumurkek,98051
Aifat,Susumuk,98051
Aifat,Kokas,98051
Aifat,Kocuas,98051
Aifat,Kocuwer,98051
Aifat,Bori,98051
Aifat,Werjaya,98051
Aifat,Tehahite,98051
Aifat,Faitmayaf,98051
Aifat,Aisyo,98051
Aifat,Futon,98051
Aifat,Sampika,98051
Aifat,Martaim,98051
Aifat,Frawebo,98051
Aifat,Faitsawe,98051
Aifat,Kocuwer Selatan,98051
Aifat,Faitmayaf Barat,98051
Aifat,Sikof,98051
Aifat,Bori Timur,98051
Aifat,Kumurkek Barat,98051
Aifat,Ainod,98051
Aifat,Kocuas Utara,98051
Aifat,Sunei,98051
Aifat Utara,Ayawasi,98052
Aifat Utara,Ayawasi Selatan,98052
Aifat Utara,Ayawasi Timur,98052
Aifat Utara,Susai,98052
Aifat Utara,Fonatu,98052
Aifat Utara,Mosun,98052
Aifat Utara,Wayane,98052
Aifat Utara,Konja,98052
Aifat Utara,Yarat,98052
Aifat Utara,Man,98052
Aifat Utara,Howait,98052
Aifat Utara,Haenkanes,98052
Aifat Utara,Konja Barat,98052
Aifat Utara,Yarat Timur,98052
Aifat Utara,Raha,98052
Aifat Utara,Mowes,98052
Aifat Utara,Irata,98052
Aifat Utara,Neset,98052
Aifat Utara,Mosun Timur,98052
Aifat Utara,Mosun Utara,98052
Aifat Timur,Aisa,98053
Aifat Timur,Aikrer,98053
Aifat Timur,Aitrem,98053
Aifat Timur,Sawin,98053
Aifat Timur,Sahbuku,98053
Aifat Timur,Sasior Frabuku,98053
Aifat Timur,Wakom,98053
Aifat Timur,Sanem,98053
Aifat Timur,Buoh Sa,98053
Aifat Selatan,Kisor,98054
Aifat Selatan,Sorry,98054
Aifat Selatan,Imsun,98054
Aifat Selatan,Sabah,98054
Aifat Selatan,Tahsimara,98054
Aifat Selatan,Fuog,98054
Aifat Selatan,Asiaf Saman,98054
Aifat Selatan,Hora Iek,98054
Aifat Selatan,Fuog Selatan,98054
Aifat Selatan,Same Rakator,98054
Aifat Selatan,Roma,98054
Aifat Selatan,Krus,98054
Aifat Selatan,Awet Main,98054
Aifat Selatan,Yeek,98054
Aifat Selatan,Kaitana,98054
Aifat Selatan,Tolak,98054
Aitinyo Barat,Kambufatem,98056
Aitinyo Barat,Kambufatem Utara,98056
Aitinyo Barat,Fatase,98056
Aitinyo Barat,Hosyo Ata,98056
Aitinyo Barat,Waybomatah,98056
Aitinyo Barat,Siyo,98056
Aitinyo Barat,Hasweh,98056
Aitinyo Barat,Fatem,98056
Aitinyo Barat,Hosyo Banah,98056
Aitinyo,Aitinyo,98055
Aitinyo,Irohe,98055
Aitinyo,Sris,98055
Aitinyo,Kamro,98055
Aitinyo,Karsu,98055
Aitinyo,Tehak Kecil,98055
Aitinyo,Sira Aya,98055
Aitinyo,Korom,98055
Aitinyo,Sumanis,98055
Aitinyo,Ibasuf,98055
Aitinyo,Sowai Sau,98055
Aitinyo,Subin,98055
Aitinyo,Irohmrar,98055
Aitinyo,Bofait,98055
Aitinyo,Afkrem,98055
Aitinyo,Wiho,98055
Aitinyo,Kamro Selatan,98055
Aitinyo Utara,Fategomi,98057
Aitinyo Utara,Tehak Besar,98057
Aitinyo Utara,Fan,98057
Aitinyo Utara,Gohsames,98057
Aitinyo Utara,Asmuruf U,98057
Aitinyo Utara,Mirafaan,98057
Aitinyo Utara,Asmuruf Tee,98057
Aitinyo Utara,Tehak Tee,98057
Aitinyo Utara,Framafir,98057
Aitinyo Utara,Subrit,98057
Aitinyo Utara,Inta,98057
Aitinyo Utara,Bahwat,98057
Ayamaru,Ayamaru,98058
Ayamaru,Framu,98058
Ayamaru,Mefkajim II,98058
Ayamaru,Fraharo,98058
Ayamaru,Smusswioh,98058
Ayamaru,Twer,98058
Ayamaru,Afes,98058
Ayamaru,Tuso,98058
Ayamaru Utara,Yubiah,98059
Ayamaru Utara,Karetubun,98059
Ayamaru Utara,Setta,98059
Ayamaru Utara,Hohoyor,98059
Ayamaru Utara,Arne,98059
Ayamaru Utara,Aus Tiwit,98059
Ayamaru Utara,Johafah,98059
Ayamaru Utara,Yukase,98059
Ayamaru Utara,Serma,98059
Ayamaru Utara,Kfaa,98059
Ayamaru Utara,Arne Timur,98059
Ayamaru Utara,Nauwita,98059
Ayamaru Timur,Kambuaya,98058
Ayamaru Timur,Huberita,98058
Ayamaru Timur,Faitmajin,98058
Ayamaru Timur,Ismayo,98058
Ayamaru Timur,Sefayit,98058
Ayamaru Timur,Insas,98058
Ayamaru Timur,Faitsiur,98058
Ayamaru Timur,Keyum,98058
Mare,Suswa,98059
Mare,Seya,98059
Mare,Waban,98059
Mare,Kombif,98059
Mare,Rufases,98059
Mare,Bakrabi,98059
Mare,Nafasi,98059
Mare,Mahos,98059
Mare,Sawo,98059
Aifat Timur Tengah,Mupas,98053
Aifat Timur Tengah,Kamat,98053
Aifat Timur Tengah,Frambu,98053
Aifat Timur Tengah,Ayata,98053
Aifat Timur Tengah,Aikus,98053
Aifat Timur Tengah,Aiwesa,98053
Aifat Timur Tengah,Pitor,98053
Aifat Timur Tengah,Aifam,98053
Aifat Timur Tengah,Saud,98053
Aifat Timur Tengah,Tiam,98053
Aifat Timur Tengah,Faan Kahrio,98053
Aifat Timur Tengah,Assem,98053
Aifat Timur Jauh,Ainesra,98053
Aifat Timur Jauh,Aimau,98053
Aifat Timur Jauh,Mesyam,98053
Aifat Timur Jauh,Aisasior,98053
Aifat Timur Jauh,Franeway,98053
Aifat Timur Jauh,Aikingging,98053
Aifat Timur Jauh,Tiefromen,98053
Aifat Timur Selatan,Wormu,98053
Aifat Timur Selatan,Makiri,98053
Aifat Timur Selatan,Warba,98053
Aifat Timur Selatan,Winuni,98053
Aifat Timur Selatan,Srumate,98053
Aifat Timur Selatan,Womba,98053
Ayamaru Selatan,Sauf,98058
Ayamaru Selatan,Sembaro,98058
Ayamaru Selatan,Koma Koma,98058
Ayamaru Selatan,Kanisabar,98058
Ayamaru Selatan,Sfarare,98058
Ayamaru Selatan,Saneh,98058
Ayamaru Selatan,Lemauk Klit,98058
Ayamaru Selatan,Hawioh,98058
Ayamaru Selatan,Simiyah,98058
Ayamaru Selatan,Sagrim,98058
Ayamaru Jaya,Adoh,98058
Ayamaru Jaya,Temel,98058
Ayamaru Jaya,Sosian,98058
Ayamaru Jaya,Segior,98058
Ayamaru Jaya,Orain,98058
Ayamaru Jaya,Rawas,98058
Ayamaru Jaya,Orsu,98058
Ayamaru Jaya,Soan,98058
Ayamaru Jaya,Warbo,98058
Ayamaru Jaya,Woman,98058
Ayamaru Selatan Jaya,Faitsimar,98056
Ayamaru Selatan Jaya,Asses,98056
Ayamaru Selatan Jaya,Fait Nigre,98056
Ayamaru Selatan Jaya,Sufu,98056
Ayamaru Selatan Jaya,Arus,98056
Ayamaru Selatan Jaya,Kofait,98056
Ayamaru Selatan Jaya,Isnum,98056
Ayamaru Timur Selatan,Kambuskato,98058
Ayamaru Timur Selatan,Kambuskato Utara,98058
Ayamaru Timur Selatan,Kambuifa,98058
Ayamaru Timur Selatan,Isusu,98058
Ayamaru Timur Selatan,Mano,98058
Ayamaru Timur Selatan,Sipat,98058
Ayamaru Timur Selatan,Faitwosur/Angkasa Pura,98058
Ayamaru Utara Timur,Mapura,98059
Ayamaru Utara Timur,Suwiam,98059
Ayamaru Utara Timur,Tomase,98059
Ayamaru Utara Timur,Frabo,98059
Ayamaru Utara Timur,Karfa,98059
Ayamaru Utara Timur,Kona,98059
Ayamaru Utara Timur,Kosah,98059
Ayamaru Tengah,Fiane,98058
Ayamaru Tengah,Kartapura,98058
Ayamaru Tengah,Men,98058
Ayamaru Tengah,Semu,98058
Ayamaru Tengah,Isme,98058
Ayamaru Tengah,Rindu,98058
Ayamaru Tengah,Tut,98058
Ayamaru Tengah,Yohwer,98058
Ayamaru Tengah,Hufioh,98058
Ayamaru Tengah,Bawy,98058
Ayamaru Barat,Soroan,98058
Ayamaru Barat,Fanse,98058
Ayamaru Barat,Chaliat,98058
Ayamaru Barat,Sfacko,98058
Ayamaru Barat,Sehu,98058
Ayamaru Barat,Tbo,98058
Ayamaru Barat,Sien,98058
Ayamaru Barat,Sfaraka,98058
Aitinyo Tengah,Yaksoro,98056
Aitinyo Tengah,Awit,98056
Aitinyo Tengah,Sira,98056
Aitinyo Tengah,Eway,98056
Aitinyo Tengah,Erokwero,98056
Aitinyo Tengah,Sabun,98056
Aitinyo Tengah,Itigah,98056
Aitinyo Tengah,Sira Tee,98056
Aitinyo Tengah,Asnaif,98056
Aitinyo Tengah,Iroh Sohser,98056
Aitinyo Tengah,Framboh,98056
Aitinyo Tengah,Tohmri,98056
Aitinyo Raya,Jitmau,98057
Aitinyo Raya,Ikuf,98057
Aitinyo Raya,Isir,98057
Aitinyo Raya,Jitmau Timur,98057
Aitinyo Raya,Ikuf Utara,98057
Aitinyo Raya,Sarimo,98057
Aitinyo Raya,Kambusabo,98057
Aitinyo Raya,Srirtabam,98057
Aitinyo Raya,Faithowes,98057
Aitinyo Raya,Yumame,98057
Mare Selatan,Seni,98059
Mare Selatan,Renis,98059
Mare Selatan,Sire,98059
Mare Selatan,Fase,98059
Mare Selatan,Sabes,98059
Mare Selatan,Kuraso,98059
Mare Selatan,Sidi,98059
Mare Selatan,Osom,98059
Mare Selatan,Sire Timur,98059
Sorong,Remu Utara,98414
Sorong,Klademak,98414
Sorong,Kofkerbu,98414
Sorong,Remu,98414
Sorong Timur,Klawalu,98418
Sorong Timur,Klamana,98418
Sorong Timur,Klawuyuk,98418
Sorong Timur,Kladufu,98418
Sorong Barat,Rufei,98412
Sorong Barat,Klawasi,98412
Sorong Barat,Puncak Cendrawasih,98412
Sorong Barat,Pal Putih,98412
Sorong Kepulauan,Dum Barat,98426
Sorong Kepulauan,Dum Timur,98426
Sorong Kepulauan,Soop,98426
Sorong Kepulauan,Raam,98426
Sorong Utara,Malanu,98416
Sorong Utara,Malasilen,98416
Sorong Utara,Matalamagi,98416
Sorong Utara,Sawagumu,98416
Sorong Manoi,Klaligi,98419
Sorong Manoi,Malawei,98419
Sorong Manoi,Malabutor,98419
Sorong Manoi,Remu Selatan,98419
Sorong Manoi,Klasabi,98419
Sorong Kota,Kampung Baru,98412
Sorong Kota,Klabala,98412
Sorong Kota,Klasuur,98412
Sorong Kota,Klakublik,98412
Klaurung,Klasuat,98418
Klaurung,Klablim,98418
Klaurung,Klasaman,98418
Klaurung,Giwu,98418
Malaimsimsa,Klagete,98416
Malaimsimsa,Malaingkedi,98416
Malaimsimsa,Malamso,98416
Malaimsimsa,Klabulu,98416
Maladum Mes,Suprau,98412
Maladum Mes,Tampa Garam,98412
Maladum Mes,Saoka,98412
Maladum Mes,Tanjung Kasuari,98412
